relative_path,split,class,filename,extension,size_bytes,sha256
dataset4/test/nonulcer/0.jpg,test,nonulcer,0.jpg,.jpg,23820,aaac83a1deae5832d1fd83de9c87d9142c6b5a493654b0c90f3b618b59638170
dataset4/test/nonulcer/0cbt67mm0fr01.jpg,test,nonulcer,0cbt67mm0fr01.jpg,.jpg,852294,525572d57aaabd1f817ea600db6adbad5b08e31e02e53d3f1545b8725766ad64
dataset4/test/nonulcer/1 .jpg,test,nonulcer,1 .jpg,.jpg,101477,6f627c07e23bcd7431d7f8d355c894e3c3d8e1d780150fa4b268691654d0cd21
dataset4/test/nonulcer/1.jpg,test,nonulcer,1.jpg,.jpg,25155,72fcd189aa5753de4791a2402f135787dc2ae198fbb7af33472b495667342f76
dataset4/test/nonulcer/10.jpg,test,nonulcer,10.jpg,.jpg,50638,6debc66ee3d373198a2a6305ea982eb2ffc5e09200afc6a5fcf9ec41178c254c
dataset4/test/nonulcer/11.jpg,test,nonulcer,11.jpg,.jpg,28376,d3ac2174bb72cd62d27931961ef91bf094044520197e3ac94e8726acf9891edd
dataset4/test/nonulcer/1167 (1).jpg,test,nonulcer,1167 (1).jpg,.jpg,29555,2a1251884e6f8495772a0b6b9998d3646925fd55e108637c7bfe865831a5cb03
dataset4/test/nonulcer/1167.jpg,test,nonulcer,1167.jpg,.jpg,60483,b626b1eac48d8e061eeab017737c8860b7212dd6cdf7a4a5e261c501f718d337
dataset4/test/nonulcer/12.jpg,test,nonulcer,12.jpg,.jpg,64711,f6ace81c0dd02206f318fe39867a440517577a785b4705370e9ab055e851e551
dataset4/test/nonulcer/13.jpg,test,nonulcer,13.jpg,.jpg,27138,93213c1cff7770a5c6c848cc3807df1a887f4f2ff55ad46a98672619b15718de
dataset4/test/nonulcer/14.jpg,test,nonulcer,14.jpg,.jpg,37665,3496d8cce72e766fb4dded61eeb93df99fd0fd164858115a4a19bc19d1f742d7
dataset4/test/nonulcer/15.jpg,test,nonulcer,15.jpg,.jpg,12274,221a36b77e2a8d0387b111ed0c43d2e3dfa94d7ceb9549d4179d33de471b0991
dataset4/test/nonulcer/16.jpg,test,nonulcer,16.jpg,.jpg,16823,324448b4f20f228c8a177fa74c3da5810136cf664831fa9779c38431ebaa1a30
dataset4/test/nonulcer/17.jpg,test,nonulcer,17.jpg,.jpg,26720,48f7f4525a9dd9ad3bcf79758f4d2224c986af9a43d3730120dcb90425b6865f
dataset4/test/nonulcer/18.jpg,test,nonulcer,18.jpg,.jpg,67169,e56c6ba30837c371f23b11fa3fb465d7e617e998de7d1a38aca1b1dd2dfd9de7
dataset4/test/nonulcer/1882_19-Effective-Home-Remedies-For-Corns-And-Calluses (1).jpg,test,nonulcer,1882_19-Effective-Home-Remedies-For-Corns-And-Calluses (1).jpg,.jpg,33930,566890c638040bf7048765b1eb6c749d501463d1b3de2d4d913d8967374ada1e
dataset4/test/nonulcer/19.jpg,test,nonulcer,19.jpg,.jpg,55629,b165857e57787e430b7543c8a2708c62e6a6d6cabfcf2043820434e35956132b
dataset4/test/nonulcer/2.jpg,test,nonulcer,2.jpg,.jpg,16253,b36ea4ab89daf45c1d63d3a99ec1767225a41ac61e6c831a356703fe90d71454
dataset4/test/nonulcer/21.jpg,test,nonulcer,21.jpg,.jpg,141565,4c8b272fbb5bb61e1d4a8a4b672226b3317a6a690ba78e9894c44c2cc5a0f1f0
dataset4/test/nonulcer/22.jpg,test,nonulcer,22.jpg,.jpg,119480,81b9ace7eb56dc07f3149903f5cb5b5feb59a7b6bd0291715b967f1558dcbd28
dataset4/test/nonulcer/222748d9f97a36c08da91dc46f6f5200.jpg,test,nonulcer,222748d9f97a36c08da91dc46f6f5200.jpg,.jpg,199848,423de04b9ac4e7a71c1fef19124346b967a2ed530c4949b0a42ed7b60eb47ff6
dataset4/test/nonulcer/23.jpg,test,nonulcer,23.jpg,.jpg,92541,269a1af32a1e06ce34432206d57fc02c477987088de2180f3aa7b6d96ae0a843
dataset4/test/nonulcer/240_F_214198906_xKY39M1gdfq0dhoyLlik7dSrIRdiacQO.jpg,test,nonulcer,240_F_214198906_xKY39M1gdfq0dhoyLlik7dSrIRdiacQO.jpg,.jpg,15633,87ece0f04b91512c05459a6a7f3374b482334dc8c8ed53f0c3b6f5f5c3f27702
dataset4/test/nonulcer/25.jpg,test,nonulcer,25.jpg,.jpg,56526,78a911e5b3e0eaec3e00e709c8a90893268ac01ccde511a45ea889fff74ff913
dataset4/test/nonulcer/259.jpg,test,nonulcer,259.jpg,.jpg,22642,283ecbdc1760855326edc8e724d131e1bfecc0781b0829a87c73a73e9bcb054f
dataset4/test/nonulcer/260.jpg,test,nonulcer,260.jpg,.jpg,18562,c7220f1b9ff2efb0ba455a9c3634be8ead0111e2063595faa492a7ed2dd2abdd
dataset4/test/nonulcer/261.jpg,test,nonulcer,261.jpg,.jpg,14461,6df0348c23066b75456087a28e0d7396eeabfde6b559cd9b4b112a4744bc8a96
dataset4/test/nonulcer/262.jpg,test,nonulcer,262.jpg,.jpg,13050,1962285febfd3336493d625f8778febec2dc0c67533697d089dd9fcb34734d3b
dataset4/test/nonulcer/263.jpg,test,nonulcer,263.jpg,.jpg,13925,f1776d16709196c573a34e53df473ffbbcbc1f6a755d43d6b5f7b67e59a267e2
dataset4/test/nonulcer/271.jpg,test,nonulcer,271.jpg,.jpg,12678,3fb9320cbc80430436917fe92b10439ca7c6f2058dd6526c95cceb011609dc78
dataset4/test/nonulcer/272.jpg,test,nonulcer,272.jpg,.jpg,13233,68a5b1d0b289c4904da105b908d7cea5c8bfbfbc30b57aeec49df43793d823cf
dataset4/test/nonulcer/273.jpg,test,nonulcer,273.jpg,.jpg,14212,153c8ae246e4bf789fa815402abd288bddebdac1b33077caf3887545f2b91b4d
dataset4/test/nonulcer/274.jpg,test,nonulcer,274.jpg,.jpg,25533,e92b83e506b5b5bee624e4a2342fece33b682fc3af359a88c43f0bf8d5662bfd
dataset4/test/nonulcer/275.jpg,test,nonulcer,275.jpg,.jpg,21727,806160c6c20cfcdc1d73055809d301d664d312a448a15f7c3d4ac51617620390
dataset4/test/nonulcer/284.jpg,test,nonulcer,284.jpg,.jpg,16876,7bb9185e5ffc4dcd7e7bcd3349ab80360d4f313cdb3ed0ec7b32cb445bf52179
dataset4/test/nonulcer/285.jpg,test,nonulcer,285.jpg,.jpg,12223,90a2b8735b7f1d98b133985273daf0f4f199e63f819c07ed4349d6f54a5ccc7b
dataset4/test/nonulcer/286.jpg,test,nonulcer,286.jpg,.jpg,11321,54222feeac0f858810b5f560920743d849e0db5588a665bc7baeefeddd22741b
dataset4/test/nonulcer/287.jpg,test,nonulcer,287.jpg,.jpg,17332,877ee75f0c92d4cf6a696731d29458aa44e7329dd17a1de3bcfbf73b78bc7a98
dataset4/test/nonulcer/288.jpg,test,nonulcer,288.jpg,.jpg,16823,324448b4f20f228c8a177fa74c3da5810136cf664831fa9779c38431ebaa1a30
dataset4/test/nonulcer/2cyruuzga5e01.jpg,test,nonulcer,2cyruuzga5e01.jpg,.jpg,718768,fdc182aa192d680af7a7967fdcf21f874fe2462565bf63ec08fe77fe410eda60
dataset4/test/nonulcer/3.jpg,test,nonulcer,3.jpg,.jpg,16876,7bb9185e5ffc4dcd7e7bcd3349ab80360d4f313cdb3ed0ec7b32cb445bf52179
dataset4/test/nonulcer/30.jpg,test,nonulcer,30.jpg,.jpg,110446,e409dc92f5d053788ff3611f2387df1ef2ad400c2104dd3341a3c2ca69d896f2
dataset4/test/nonulcer/36.jpg,test,nonulcer,36.jpg,.jpg,32795,b59f094ef85b2184dfcc5734afcf5400825b1eb93121ec2f71a3066c707ef8f9
dataset4/test/nonulcer/37.jpg,test,nonulcer,37.jpg,.jpg,68236,41906546724506cd82b02fdba961ff806eee66cdac70e783d0b5bbbcde27f4e9
dataset4/test/nonulcer/38.jpg,test,nonulcer,38.jpg,.jpg,94778,47aa126e427540e4a86e04901c0925dd4cf9f455e6b5deb4cfda3286ea012d25
dataset4/test/nonulcer/3809525079_71eabf91b5_z.jpg,test,nonulcer,3809525079_71eabf91b5_z.jpg,.jpg,51935,c21bbf45e894f6d498585da92c476c58f9d6e600315573fc91fe0016cb3ed839
dataset4/test/nonulcer/4 (2).jpg,test,nonulcer,4 (2).jpg,.jpg,56645,a1f2616f4388f5c6111be4b49af527a633998dbab249dcb607589e7f0665842d
dataset4/test/nonulcer/4.jpg,test,nonulcer,4.jpg,.jpg,13402,089ab6bd8564f3a19d8f7459eef7d39d463ad2a96d50c140f751b2b9b2aa1711
dataset4/test/nonulcer/44.jpg,test,nonulcer,44.jpg,.jpg,35518,91f740fd54cd9fbeb6ffe2645484652adb6c3f92905d5a3d1be550f8435fd7e6
dataset4/test/nonulcer/45.jpg,test,nonulcer,45.jpg,.jpg,29774,1ff9312a13d7bf6b755fa06f3037f3f5e791c46367839bcd93ffb29ba6769caf
dataset4/test/nonulcer/47.jpg,test,nonulcer,47.jpg,.jpg,46801,b1ead55709a7281ba9a2e200e43d02f8b9cfc1aa212c9fd6797b0e393ca2c350
dataset4/test/nonulcer/48.jpg,test,nonulcer,48.jpg,.jpg,47652,19802953bb7749065aefde49ca1858f81333cca2257b69f790d52210a090c215
dataset4/test/nonulcer/5.jpg,test,nonulcer,5.jpg,.jpg,11321,54222feeac0f858810b5f560920743d849e0db5588a665bc7baeefeddd22741b
dataset4/test/nonulcer/50.jpg,test,nonulcer,50.jpg,.jpg,12870,0e8088c8b570f3512428e41f4adba1894e69fd6ba5c53899cb70fd265fea7210
dataset4/test/nonulcer/6.jpg,test,nonulcer,6.jpg,.jpg,60333,b806a5629fbf442bcdf3995abb581b9aa5eb21d56f4e1b6a4ba1f8793ce3d716
dataset4/test/nonulcer/62e0142009a44d1a98f41d8d8874cced.png,test,nonulcer,62e0142009a44d1a98f41d8d8874cced.png,.png,281600,77febb6ae8201a4a0a7aeaf3c605414ae2efc8074b1af2cf8c28b9712e9d8ac2
dataset4/test/nonulcer/642x361_Foot_Corn_SLIDE_2.jpg,test,nonulcer,642x361_Foot_Corn_SLIDE_2.jpg,.jpg,40261,4e0a20f0297e177d6c049287230bb5a37232b680c66badd844414feee67c3bd0
dataset4/test/nonulcer/7.jpg,test,nonulcer,7.jpg,.jpg,50576,8a7df0a525387ccbc60130c88ac17b0ea2819bb8948311111ce5630c9647ea5c
dataset4/test/nonulcer/7527tn.jpg,test,nonulcer,7527tn.jpg,.jpg,10981,2320ec70042cb81a41b85e8ffcb9c652cdeedcf21817135ffc2f6e0d85568005
dataset4/test/nonulcer/7a5e12fa15.jpg,test,nonulcer,7a5e12fa15.jpg,.jpg,22000,7cc7f06306338f9ec8198bc3f03e10b4e39e795de97d4fcfc7bf798ecddbf2f0
dataset4/test/nonulcer/7e88c7_71fd61f6ac3d48cab475dfa44ea94017.jpg,test,nonulcer,7e88c7_71fd61f6ac3d48cab475dfa44ea94017.jpg,.jpg,23250,622b422aa81629cca73a0f3efa487e112fd929b33abb37ca23eff160a37f2167
dataset4/test/nonulcer/8.jpg,test,nonulcer,8.jpg,.jpg,65234,c014054d610f9dd4bda0210b222b9e702c2d4d4832985ef7d946afa4eb25854a
dataset4/test/nonulcer/9.jpg,test,nonulcer,9.jpg,.jpg,54451,790ad115d0dbe96ee6ee84fcc92a8a1630e2d231a3fcc6e262ac01efa2f54146
dataset4/test/nonulcer/afp19980315p1325-f4.jpg,test,nonulcer,afp19980315p1325-f4.jpg,.jpg,9669,b77b06ea9f39a5ecc916c9f4e85a2fa6fa15fcd0f8fbbff5b8ad945a31ed664c
dataset4/test/nonulcer/b4b2e1341a7bf627a58f6ac32212ed93.jpg,test,nonulcer,b4b2e1341a7bf627a58f6ac32212ed93.jpg,.jpg,35673,9944163342a7251d410a83b7e387ad89759d8c6010a9ab83aad009119b47afdb
dataset4/test/nonulcer/B9780323072427000279_f027-008-9780323072427.jpg,test,nonulcer,B9780323072427000279_f027-008-9780323072427.jpg,.jpg,20039,b423dda85f7ff325fd15d5b9be96bd5795935b01aa62717e355767035cf689d9
dataset4/test/nonulcer/bleeding-under-callus-preulcerative.jpg,test,nonulcer,bleeding-under-callus-preulcerative.jpg,.jpg,41896,a6571eacafab1df5555fb9ae6912c9a64bf18a530c6958e73e326a726b1071a1
dataset4/test/nonulcer/Callus-Formation1.jpg,test,nonulcer,Callus-Formation1.jpg,.jpg,12651,70c8f1c38b060e46cc2f2cbd20eacb27bf8c2003877857a148f84c8e19abcfa2
dataset4/test/nonulcer/calluses.jpg,test,nonulcer,calluses.jpg,.jpg,107308,4056b93ae70c7aff59b818ac86bd04e2b2dd65692feba3a43043848dbffa6f5a
dataset4/test/nonulcer/complex_wound_management.jpg,test,nonulcer,complex_wound_management.jpg,.jpg,43094,7d96a3ab3551940c1334ba8111e1f675cfbe0cf7c005d3aaa7fb2ac2ae67f241
dataset4/test/nonulcer/corn-1200x820.jpg,test,nonulcer,corn-1200x820.jpg,.jpg,57800,237b6603958105c2f99c04bbd1857e00ab8369d07c0f160d78309137d6d0fe7a
dataset4/test/nonulcer/corns.jpg,test,nonulcer,corns.jpg,.jpg,9997,8165f5f568d107edd72982030f1cfc8f138afb61f9784c8fb27819b48232461c
dataset4/test/nonulcer/corns2.gif,test,nonulcer,corns2.gif,.gif,61104,ef9fa0d5438cb8ac6c430aa55f6f21540d72f05beb45c718b59440a7abf13050
dataset4/test/nonulcer/display.jpg,test,nonulcer,display.jpg,.jpg,30816,eaf9a2a3cfdb721ca94309355b73017e5b39f046070a7c43b987d32fe9f0713e
dataset4/test/nonulcer/download (1).jpg,test,nonulcer,download (1).jpg,.jpg,5285,9f702372fdad5b13157f0d1c4bb8134ee380defec83c314fb3bb8f171f77bbf9
dataset4/test/nonulcer/download.jpg,test,nonulcer,download.jpg,.jpg,6141,05ba4963dae6e48ed8189342b2fc09a0bbedfec8107a84bfce769838981b8692
dataset4/test/nonulcer/DSC00319.jpeg,test,nonulcer,DSC00319.jpeg,.jpeg,22029,9c9a37372608e58c9686a11b8ea2786a403d8f49ec585993cde469a4388dda4d
dataset4/test/nonulcer/foot-doctor-for-corn-callus-treatment.png,test,nonulcer,foot-doctor-for-corn-callus-treatment.png,.png,78212,a2389b441dd41f2b26d375c23e1cab84124a17c124ac1a9c74f006527157ed45
dataset4/test/nonulcer/Footpuncture-blog2.jpg,test,nonulcer,Footpuncture-blog2.jpg,.jpg,14550,9a8c981b3772b44a8004cd4a93547b2ec4a406e37ea71e4a1d6beecd521dcc12
dataset4/test/nonulcer/GettyImages-840167308-1-650x450.jpg,test,nonulcer,GettyImages-840167308-1-650x450.jpg,.jpg,78969,9559e6ac5b187617b7c0a3c8d8bc105adf6664678df5d936a0b4ccf71400212f
dataset4/test/nonulcer/honey1.jpg,test,nonulcer,honey1.jpg,.jpg,147666,f7f9e7b8bc92329ed1e7afec09b96c463f6a3eb27a10fc5eb51d0c3aadb305cf
dataset4/test/nonulcer/image1.jpeg,test,nonulcer,image1.jpeg,.jpeg,13018,cc59e890dbe25b3ec76ff2cf252589771d22849156a64e59f7a5a71f85450d33
dataset4/test/nonulcer/image3.jpeg,test,nonulcer,image3.jpeg,.jpeg,39189,1b6e8c883537ef9235ee9850d8fe9465e4ad337b36fe407310c9ff07525a8904
dataset4/test/nonulcer/image4.jpeg,test,nonulcer,image4.jpeg,.jpeg,32710,995f11fecbb23708fdda1faa1b6f23196c5d56878658db8279e022753a7e21b2
dataset4/test/nonulcer/images (1).jpg,test,nonulcer,images (1).jpg,.jpg,4095,527e5466cd2a70de43d79aa6222205526e98a7e950ebd55a4b6af07dfef55580
dataset4/test/nonulcer/images (10).jpg,test,nonulcer,images (10).jpg,.jpg,3998,1de491df298a6a6f75e722759fb7351a9e69188a189089958b47c11d9b0348af
dataset4/test/nonulcer/images (11).jpg,test,nonulcer,images (11).jpg,.jpg,5890,96585c1f4c0e1478e48328bcf5742dc0f3e202c664f3e6b961b4b8084892ba74
dataset4/test/nonulcer/images (12).jpg,test,nonulcer,images (12).jpg,.jpg,6617,6dd35d2b39d1eb2c700e456e9b2e18fe1c960f391abb4b6f6d4bff7d913abfed
dataset4/test/nonulcer/images (13).jpg,test,nonulcer,images (13).jpg,.jpg,4448,096c0aa33484ca36e275843e99fc8f3ec8478b4afc56dbe684044f2a1259cb67
dataset4/test/nonulcer/images (14).jpg,test,nonulcer,images (14).jpg,.jpg,7404,3632cc695ed975d4587d36066967f6f8e3829db7f4e2721db46e340735b1ffc4
dataset4/test/nonulcer/images (15).jpg,test,nonulcer,images (15).jpg,.jpg,4339,21b75131d2c173bc6b8e29798398e7eeaed2331066aa41eff679f7c8cde78607
dataset4/test/nonulcer/images (16).jpg,test,nonulcer,images (16).jpg,.jpg,5005,68e99564b680bba6bdd73f34adbf478752c6f49b225b1c2790153adb8955e80f
dataset4/test/nonulcer/images (17).jpg,test,nonulcer,images (17).jpg,.jpg,6266,8c6d065ae505f6dbb94f6965f7fb6c9db48f3c5d5c777d9130f46a2a0aabd07b
dataset4/test/nonulcer/images (18).jpg,test,nonulcer,images (18).jpg,.jpg,4599,68bde03e4aee13153e2387a54c06d65014c0a3cb6ec2a8c860ea95866037a5b7
dataset4/test/nonulcer/images (2).jpg,test,nonulcer,images (2).jpg,.jpg,3530,c4acd4302ec04fa3b9ab0a145b757f969b48ed0982e4b9a0fe1952c9bcea6bb4
dataset4/test/nonulcer/images (20).jpg,test,nonulcer,images (20).jpg,.jpg,7004,f1366cd91bfdf4e9ed86396e26be5a706ec9d44873a4396c048f16f3e23b41ee
dataset4/test/nonulcer/images (21).jpg,test,nonulcer,images (21).jpg,.jpg,6540,00bb36f5da1ed3eb72578dc99171854aee069e2a1aee41f21d5f7a4151d86d09
dataset4/test/nonulcer/images (22).jpg,test,nonulcer,images (22).jpg,.jpg,4632,d123dc4e633b16cc8fe1c305ca7b097e4d8bc8469766617d9768b1416c1baeb6
dataset4/test/nonulcer/images (23).jpg,test,nonulcer,images (23).jpg,.jpg,5005,2a9de6075c561317f807453b7435972daba7ed4be1404d830af06f300b01d529
dataset4/test/nonulcer/images (24).jpg,test,nonulcer,images (24).jpg,.jpg,5370,3f2ae4e5c7b6da263d435a83e9d579b8d9704dc3a253e77b6c2a60b1455650e6
dataset4/test/nonulcer/images (25).jpg,test,nonulcer,images (25).jpg,.jpg,4443,412545be75a36b54d07ce0f3eb8b4c8ffe808acb841ebe6a5568e5864ac543c3
dataset4/test/nonulcer/images (26).jpg,test,nonulcer,images (26).jpg,.jpg,3643,ab2246a3428474979bcf3b1997365b0f3a5f66e3e099a0ed354f91e8bd5799a0
dataset4/test/nonulcer/images (27).jpg,test,nonulcer,images (27).jpg,.jpg,3048,c3f79664667c93b9cdbdb78022bca9e6080dcacaf3a1b43a714814059933b4d4
dataset4/test/nonulcer/images (28).jpg,test,nonulcer,images (28).jpg,.jpg,4830,3f47a10cd7bad01585395cae63083c6e41637324592f7d8d43729b8e6de31a63
dataset4/test/nonulcer/images (29).jpg,test,nonulcer,images (29).jpg,.jpg,5614,b110c663322ef5830fdfb57787aab6680bb16cff9395a6d15da7501c8c791717
dataset4/test/nonulcer/images (30).jpg,test,nonulcer,images (30).jpg,.jpg,6179,0215e9231bff2596579699dbd85cdeb67e40c882cc9614ff598b23680f6660e5
dataset4/test/nonulcer/images (31).jpg,test,nonulcer,images (31).jpg,.jpg,6909,171af8d06769d330a9edca509fdf9c4a550a6856397b185a0d69abc9a29fdeb6
dataset4/test/nonulcer/images (32).jpg,test,nonulcer,images (32).jpg,.jpg,5264,d99534db815a376b461402c81fdf5868c7776c013597bc2828ddee0a458e7acf
dataset4/test/nonulcer/images (33).jpg,test,nonulcer,images (33).jpg,.jpg,4612,2ecacf671635065add4bc6d124aafb8c609bd4682fb82509776656306b4b24fe
dataset4/test/nonulcer/images (34).jpg,test,nonulcer,images (34).jpg,.jpg,4134,07e795a4b217e5aae46bfed7d59c336b2c2b5d9df7c01fbc468f388554ad53ba
dataset4/test/nonulcer/images (35).jpg,test,nonulcer,images (35).jpg,.jpg,10161,faac30ed2748f5a7562a2b77b09b1d2414e32988aaf1e6fe71b92661a217480a
dataset4/test/nonulcer/images (4).jpg,test,nonulcer,images (4).jpg,.jpg,4175,4be81354f4ae90ca412e4594d4a308ad84a09c57fad365a367cf548ba572abc8
dataset4/test/nonulcer/images (5).jpg,test,nonulcer,images (5).jpg,.jpg,3508,ba42a030bef4b7d1b08b81ccd3491c2c5950c8a3766980aaa675d2a77d35050f
dataset4/test/nonulcer/images (6).jpg,test,nonulcer,images (6).jpg,.jpg,6415,d72758db2b74745bb77a21d754ec2099aeccec2664192017adac45ad70c9e4cf
dataset4/test/nonulcer/images (7).jpg,test,nonulcer,images (7).jpg,.jpg,6484,0448b6365dd7a37711148304d88ee7000defc6d80a4250ca89da93a418cc2b9d
dataset4/test/nonulcer/images (8).jpg,test,nonulcer,images (8).jpg,.jpg,4906,cae295838c76a54f9255f5ec2bbda0d1c6b65b03324b7c673ce2982590bf11b5
dataset4/test/nonulcer/images (9).jpg,test,nonulcer,images (9).jpg,.jpg,4654,ea6b43f50dbc7d1d14b62f46bc37bf963fe857972c1ac33fac526415a1e21233
dataset4/test/nonulcer/images.jpg,test,nonulcer,images.jpg,.jpg,5679,7c5f34cc5bcfdf163045637fc0cf37f9a32030f1274ad4371292ccd0b674a183
dataset4/test/nonulcer/lesioni-piede-diabetico_01.jpg,test,nonulcer,lesioni-piede-diabetico_01.jpg,.jpg,133641,6b021c0256962eae63c191afd9e480fd67dd78cd74287fbc4042b09e8ebf1c5c
dataset4/test/nonulcer/m5_05.jpg,test,nonulcer,m5_05.jpg,.jpg,25864,eaec9e7890bd9527c7b3902980ea46603d8aa090c2acc99dfe671c89afb88907
dataset4/test/nonulcer/maxresdefault.jpg,test,nonulcer,maxresdefault.jpg,.jpg,54557,beef05b2320224b6d4524d5ece4d8b8ca9645ab8922dbacb8e196e9ccbaa2864
dataset4/test/nonulcer/Painless-ulcer-on-plantar-surface-of-her-right-big-toe.png,test,nonulcer,Painless-ulcer-on-plantar-surface-of-her-right-big-toe.png,.png,831944,a9c2392fb6a7c291c8845c3b656928e8d9c9d357bde7d71bfe681e460a166590
dataset4/test/nonulcer/pre-ulceration (1).jpg,test,nonulcer,pre-ulceration (1).jpg,.jpg,93044,20f7a3bd33cdb0bc6e1beb3b5253a69eece74560e14ed3a32f9cffaba64a82d0
dataset4/test/nonulcer/pre-ulceration.jpg,test,nonulcer,pre-ulceration.jpg,.jpg,93044,20f7a3bd33cdb0bc6e1beb3b5253a69eece74560e14ed3a32f9cffaba64a82d0
dataset4/test/nonulcer/PRF_071312_FIG1.jpg,test,nonulcer,PRF_071312_FIG1.jpg,.jpg,862663,994240a1cefeefb22b6933d4f7d2008f750a2c779ba110842f902735853bfa59
dataset4/test/nonulcer/pt08cover4_0.jpg,test,nonulcer,pt08cover4_0.jpg,.jpg,76997,9c210ee6b60aa33bc63cba74c3b23a3f5ed9549125beca9b817f7de345982895
dataset4/test/nonulcer/pt1114diabetes_1.png,test,nonulcer,pt1114diabetes_1.png,.png,171887,94ce02364f98027f9471a91dfad07e052d24936d1d3c3880f2b8cea1f152ccb6
dataset4/test/nonulcer/RTEmagicC_017_FP0216_F1.jpg.jpg,test,nonulcer,RTEmagicC_017_FP0216_F1.jpg.jpg,.jpg,71150,95084e792b7494be5db4206482fed1ff724c84fc0caa9b29e2e3c5e3ccc97a18
dataset4/test/nonulcer/Seed-Corn-under-Ball-of-Foot.jpg,test,nonulcer,Seed-Corn-under-Ball-of-Foot.jpg,.jpg,9024,a3e3c4f6f564b46742a704649bbec241d7a015a9c8a60121e0e292c228a294a5
dataset4/test/nonulcer/soft-corn-between-toes.jpg,test,nonulcer,soft-corn-between-toes.jpg,.jpg,16939,e340b11f84e900092079f73390caffd0c9e690c6a6d151a13bc5a73ac19cb696
dataset4/test/nonulcer/tungiasis-3.jpg,test,nonulcer,tungiasis-3.jpg,.jpg,94667,1d8dc1af2e5b175c76c4d6d3fcf158751bf5806d520f1f954abe2407cf2d107b
dataset4/test/nonulcer/ulcers (1).jpg,test,nonulcer,ulcers (1).jpg,.jpg,27397,69ea0e54df96f56c91971607644de24e1cc0a32e9a86ed84109c92bbfab93b3a
dataset4/test/nonulcer/ulcers_before.jpg,test,nonulcer,ulcers_before.jpg,.jpg,85542,ad20ab9379e207ab1938609aa00b944ddea0213b732540364e228b3387e42822
dataset4/test/nonulcer/wart-verrucas-plantar-fasciitis-on-260nw-1041891454.webp,test,nonulcer,wart-verrucas-plantar-fasciitis-on-260nw-1041891454.webp,.webp,10408,b5b734460fbb210880706a33bde2eda535ddab64abd36a49f51c8f117a9e7bd2
dataset4/test/nonulcer/wc_121102_diabetic_foot_ulcer_wound_200x151.jpg,test,nonulcer,wc_121102_diabetic_foot_ulcer_wound_200x151.jpg,.jpg,12046,4358ffe5d9f7d0da50f54c0a20674ee0e43f19caaea6230e7fc40210d9a8c561
dataset4/test/ulcer/127.jpg,test,ulcer,127.jpg,.jpg,17060,eff133dd8301474785031d59f2b66ab116a57ed0d14a4cba28281eb12e4dd64c
dataset4/test/ulcer/128.jpg,test,ulcer,128.jpg,.jpg,24375,1e5750d39e8712bad995dacb92ee7a7db7ece3c15c726ec86b1d5a35c403891d
dataset4/test/ulcer/129.jpg,test,ulcer,129.jpg,.jpg,18674,e2d04705c47950bd1360358429461621c3f511db4e45a364a37004e9606c3c5d
dataset4/test/ulcer/130.jpg,test,ulcer,130.jpg,.jpg,21094,5a34f9999ad00ce542f7575a41ef1543f11c894404f6e42db414a351e08dd18b
dataset4/test/ulcer/139.jpg,test,ulcer,139.jpg,.jpg,16358,6ff191a22c63c39cab552365433b9996f825d259995cea67f154dc1aec38e624
dataset4/test/ulcer/140.jpg,test,ulcer,140.jpg,.jpg,23487,0cc58e6ff4e9483cf5e5c9a254325ca229a008a9bab259f25b83a1cea8d506cc
dataset4/test/ulcer/141.jpg,test,ulcer,141.jpg,.jpg,24332,c4545e7d54425e5dca3ad6d02aa01a516b9fa67081f26626bda1bad623d34506
dataset4/test/ulcer/142.jpg,test,ulcer,142.jpg,.jpg,27434,03a6a7e499161b9f94ab709e26f1aa257a45c59bcab4fedb660dc12bd535df11
dataset4/test/ulcer/151.jpg,test,ulcer,151.jpg,.jpg,12163,71169b99e56024c2036d19ce0ba6618bf0a3c303513bf29a55915dc1039359f1
dataset4/test/ulcer/152.jpg,test,ulcer,152.jpg,.jpg,21630,0c14f978944e2e923a1b70753c0e72f8dfb6356e99a1c17e38b6e883f77f27fc
dataset4/test/ulcer/153.jpg,test,ulcer,153.jpg,.jpg,25456,2b2c6ca9b9741639a5f7bd3982ac5ea8cbd40fd31fb712c185158cdbf055128d
dataset4/test/ulcer/154.jpg,test,ulcer,154.jpg,.jpg,20844,4e84abc46a88f8735e3256040c36328f8d246064c47366db3a8ffb8bc07711aa
dataset4/test/ulcer/17.jpg,test,ulcer,17.jpg,.jpg,36048,423688d8081f2a25986a4ccd6dfbb0c1de7cc8cc9cb02b7b501d478de0864ee9
dataset4/test/ulcer/18.jpg,test,ulcer,18.jpg,.jpg,24525,7c3c8495049a4b9ea8e3656d13458a7a7ab36e9974846142329a0bfaaaeca69e
dataset4/test/ulcer/19.jpg,test,ulcer,19.jpg,.jpg,26356,23ff6ef30f1e4699a18ce441232960357088c3c3c450f9f37d08e32a4f90704c
dataset4/test/ulcer/20.jpg,test,ulcer,20.jpg,.jpg,29485,a56e9bde6edfdce589e148cbdd860599bc0f7bb9e7418775ff96619a33febcd8
dataset4/test/ulcer/29.jpg,test,ulcer,29.jpg,.jpg,29182,f25805171d41f65fd4fde2ef93652ac6d60849319cc5bba47870d2df2b84ac1c
dataset4/test/ulcer/30.jpg,test,ulcer,30.jpg,.jpg,11433,d208002d93c95cacb429e76b9e2d675f9e1204b01196ccd7123c6285afeada1f
dataset4/test/ulcer/31.jpg,test,ulcer,31.jpg,.jpg,15904,8fd6d6886d8b13b3349561fd6cc6a6b446baea7c5a8ee1b89aaccaa807c9d8ca
dataset4/test/ulcer/32.jpg,test,ulcer,32.jpg,.jpg,25356,fc63e73d3a973f2a9d07f46135181a41e8b41a4f1cc3c3c5c0531c6cc3eac7f5
dataset4/test/ulcer/382.jpg,test,ulcer,382.jpg,.jpg,28297,86775645674fa2df3b0c048e06ee275dc53bffc7c13661a8825a3b6a36d3ff7c
dataset4/test/ulcer/383.jpg,test,ulcer,383.jpg,.jpg,15181,b96ef24e1460b741e15b165d19063b9c81503452cfced2cbd231d11baf9ed2cc
dataset4/test/ulcer/387.jpg,test,ulcer,387.jpg,.jpg,22461,318e1711e06599733e0dc679631847d4afd82d536534937d2b1b4abf50eecc5b
dataset4/test/ulcer/388.jpg,test,ulcer,388.jpg,.jpg,27830,cd670348a4e52c1451c91bad03ff0b33e6c32f006e2c6950513249f7388aac80
dataset4/test/ulcer/389.jpg,test,ulcer,389.jpg,.jpg,23055,56c032fc04dc6c9f5dc7dd3e0fedcd8f485eaf1cdf9f3700de6a9f4f0906a428
dataset4/test/ulcer/394.jpg,test,ulcer,394.jpg,.jpg,23673,fd1473568a5b4582d801ae5aec87c10ee982f3613af2831dfb0c090701a96223
dataset4/test/ulcer/395.jpg,test,ulcer,395.jpg,.jpg,35566,08e2ca674ce1e169fa793f192974c6fcf1de73419189eddced2c7f56e4be924a
dataset4/test/ulcer/399.jpg,test,ulcer,399.jpg,.jpg,20396,42b28a7cdecb6b952569a1fb76b93d19e28444d0ab9bbb1328211fbb539d0253
dataset4/test/ulcer/400.jpg,test,ulcer,400.jpg,.jpg,22822,1b6056f1764396d7217d3af689c287c163fc60f4a07a8db50eaca22e85e04e9b
dataset4/test/ulcer/401.jpg,test,ulcer,401.jpg,.jpg,14449,db9d287a873fb6deb6100d3823dbfc24522580206ff4433ecccaf1460641b75d
dataset4/test/ulcer/406.jpg,test,ulcer,406.jpg,.jpg,17766,9a842abd7677cb105349c434bb44bd66c1630ef95acb04e549a90c669fc7dd6d
dataset4/test/ulcer/407.jpg,test,ulcer,407.jpg,.jpg,20457,5582074dd2a9a37898cdd041276944ec11f1bd8d1c0a5ada07c0e2342d420e9e
dataset4/test/ulcer/41.jpg,test,ulcer,41.jpg,.jpg,10074,1c46204331bfdc8e2b418f170e22e5350d23bacc63c392df50c3d9322440a6ab
dataset4/test/ulcer/411.jpg,test,ulcer,411.jpg,.jpg,26708,5fe05bc72bfd6a35e7c878809bf387e686823f6b29fa65cc819c810fe73f805e
dataset4/test/ulcer/412.jpg,test,ulcer,412.jpg,.jpg,20829,53fb975b521f5f3bb36424b541a5e4b894a409143b496702a59d809e8c51b2d0
dataset4/test/ulcer/413.jpg,test,ulcer,413.jpg,.jpg,21331,605a52818431fe085e57ac2fe02a2f9aeb497a77a094f15eb15c24a726be0281
dataset4/test/ulcer/42.jpg,test,ulcer,42.jpg,.jpg,12996,114cd7fec6825701ea6d60323fe34aeb26584b27d7952d971e1d81bb32722388
dataset4/test/ulcer/43.jpg,test,ulcer,43.jpg,.jpg,24573,a9b2e7e84df7dc7281bb433d167322f3a723c04653bbc5e9f2d419a827d41412
dataset4/test/ulcer/44.jpg,test,ulcer,44.jpg,.jpg,37381,43988d1c2bdcfff08fd78258e0fe1a10c6939c8257c2b0cf2c26173cd5e9cd24
dataset4/test/ulcer/474.jpg,test,ulcer,474.jpg,.jpg,14802,977f85d4919bb8858f61edcc8ec6eaf413d0fb7b72176e4a4a51ea0dcb9cc3ab
dataset4/test/ulcer/475.jpg,test,ulcer,475.jpg,.jpg,20168,01413ce0688e4cdddda60006bf1199f85932d0138c04164f49242584d7f160f0
dataset4/test/ulcer/476.jpg,test,ulcer,476.jpg,.jpg,24385,62c660825139e707551656b8c12baabe19d222a68ffa30cadad66b959e9ae254
dataset4/test/ulcer/486.jpg,test,ulcer,486.jpg,.jpg,18501,575a48f5d1fc225c10bfe000ccadfaf95d9151fdbe45422913fa4a596bb61172
dataset4/test/ulcer/487.jpg,test,ulcer,487.jpg,.jpg,16460,60d0f3670bf8f2d991db720079fdfe1c49d7afa22435a1f3b101c3ac5c68d883
dataset4/test/ulcer/488.jpg,test,ulcer,488.jpg,.jpg,23078,89a8b9d05162488a0b822b8b828cf7e1f5c783510866c4ad8b16da43d3cb7443
dataset4/test/ulcer/A-diabetic-foot-ulcer-presents-significant-morbidity-and-mortality-to-patients-Proper_Q320.jpg,test,ulcer,A-diabetic-foot-ulcer-presents-significant-morbidity-and-mortality-to-patients-Proper_Q320.jpg,.jpg,15819,8ea9291b124dbba4c49d395b095f0469a357b3ef341a2569758137809cba98b2
dataset4/test/ulcer/C0365633-Diabetic_Heel_Ulcer.jpg,test,ulcer,C0365633-Diabetic_Heel_Ulcer.jpg,.jpg,67056,b30bdaea8a04a8507cecf35cca40e5028b33c57229c943abc477b41e4ea4d5e2
dataset4/test/ulcer/diabetic foot ulcer..jpg,test,ulcer,diabetic foot ulcer..jpg,.jpg,717071,a8368c02406aec278ec1648865bd1b32049e89e03dc5bd701e74ea704c28e0b9
dataset4/test/ulcer/Diabetic foot ulcer.jpg,test,ulcer,Diabetic foot ulcer.jpg,.jpg,25155,319d4060db0cd740c1cc36b5aaaee0d993ea676c63092da2ae118c96c8db94ed
dataset4/test/ulcer/diabetic-foot-ulcer (1).jpg,test,ulcer,diabetic-foot-ulcer (1).jpg,.jpg,44567,2c1b176107209df0db7bf0d1b0428a8602d2128a06159336082bafee2e18c44d
dataset4/test/ulcer/diabetic-foot-ulcer-pictures-5 (1).jpg,test,ulcer,diabetic-foot-ulcer-pictures-5 (1).jpg,.jpg,73400,8cb50a82deacd16f2722ea7eb1f1f1abbde415b50f4bead22f47080e7ec36bf0
dataset4/test/ulcer/diabetic-foot-ulcer-pictures-5.jpg,test,ulcer,diabetic-foot-ulcer-pictures-5.jpg,.jpg,12175,19ebd49b1fbd18ede0bb1f0ae8a5763e462974dc6fef1b14299fd5c283f494c6
dataset4/test/ulcer/diabetic-foot-ulcer-pictures.jpg,test,ulcer,diabetic-foot-ulcer-pictures.jpg,.jpg,49831,e2ebb9a43027cdc29000b0e2c30742921dba44a38fa3ddd5e43c5f02515140c1
dataset4/test/ulcer/diabetic-foot-ulcer.jpg,test,ulcer,diabetic-foot-ulcer.jpg,.jpg,264676,0af4732d5bb7f3693f9a2cd12afb38e2a93b3a4971dce161ab1cd4c35c892cca
dataset4/test/ulcer/diabetic-foot-ulcer_opt.jpg,test,ulcer,diabetic-foot-ulcer_opt.jpg,.jpg,10241,fc626535ffb299febe4d221069433a4f669edec5825fe59d518fdfd0ab8a9a6c
dataset4/test/ulcer/diabetic-foot-ulcers-selective-focus-260nw-422934313 (1).webp,test,ulcer,diabetic-foot-ulcers-selective-focus-260nw-422934313 (1).webp,.webp,15718,5cef0ad61b444425d964668e472c657e986182d5f104ae5c681bc33daf8d6fd1
dataset4/test/ulcer/diabetic-foot-ulcers-selective-focus-260nw-422934313.webp,test,ulcer,diabetic-foot-ulcers-selective-focus-260nw-422934313.webp,.webp,15718,5cef0ad61b444425d964668e472c657e986182d5f104ae5c681bc33daf8d6fd1
dataset4/test/ulcer/diabetic-ulcer-diseases-feet-CT3FE6.jpg,test,ulcer,diabetic-ulcer-diseases-feet-CT3FE6.jpg,.jpg,243842,1237b2e6e08607323fda950a1bc8ba7cce2fb8cc40c40496d1433855cb8cf771
dataset4/test/ulcer/diabetic_foot_ulcer.jpg,test,ulcer,diabetic_foot_ulcer.jpg,.jpg,69967,c9baaced5e6ae1b462f6429c5445239c41827c27ed61bf16d80d8c9196581815
dataset4/test/ulcer/diabetoc-foot-ulcer.jpg,test,ulcer,diabetoc-foot-ulcer.jpg,.jpg,10116,258dd860255c33c8be4aba4f8f26f6cfe70a4b7a125c63e7a5827adf84bbc327
dataset4/test/ulcer/feat_footulcer_cellul_1110_127752_127753.jpg,test,ulcer,feat_footulcer_cellul_1110_127752_127753.jpg,.jpg,22679,52846a427cb780ef49e52f010629a8a555d963e33fd5db11181e579c502ee8b6
dataset4/test/ulcer/feat_footulcer_necro_1110_127573.jpg,test,ulcer,feat_footulcer_necro_1110_127573.jpg,.jpg,81191,822a851c5df0907d65b74b86d60dc6b4cc2cc078db2e74ad7c999797493bbc15
dataset4/test/ulcer/foot-ulcer-217x300.jpg,test,ulcer,foot-ulcer-217x300.jpg,.jpg,12760,1d74cbe1549265f6cd8e7931b2ea478e5d2fc3797f31e1b93b9372d2cc3b7d13
dataset4/test/ulcer/Foot-ulcer-600x399.png,test,ulcer,Foot-ulcer-600x399.png,.png,250546,66a67244a4a28b55501026938e2876c527b48391f6ec54d48f7631021b4143b6
dataset4/test/ulcer/foot-ulcer-pic (1).png,test,ulcer,foot-ulcer-pic (1).png,.png,237611,31045672afa0019593dcdad681655c992058ec02dba31ed9432156bdd90e5e75
dataset4/test/ulcer/foot-ulcer-pic.png,test,ulcer,foot-ulcer-pic.png,.png,554178,648773f0a7d3ea1e52ca597f1c94d76844155c8dd48015d8fa945d65f61f66a8
dataset4/test/ulcer/foot_ulcer_5.jpg,test,ulcer,foot_ulcer_5.jpg,.jpg,30668,2c8e670ec7cbb18cba88c432f6812015f9e459658162a53f023e8c5e998de0fd
dataset4/test/ulcer/hallux-IPJ-ulcer-post1A.jpg,test,ulcer,hallux-IPJ-ulcer-post1A.jpg,.jpg,494851,040d0420fd715330027c775da568cc5bf3236491f78a7e068e8bd4c890fb5331
dataset4/test/ulcer/how-to-heal-a-diabetic-foot-ulcer-700393-2.jpg,test,ulcer,how-to-heal-a-diabetic-foot-ulcer-700393-2.jpg,.jpg,16303,85cb933e675feed5b9480e3c4f688e32c3a3b826a07156a637081bb26bdc4e10
dataset4/test/ulcer/Initial-presentation-of-the-diabetic-ulcer-at-the-left-lateral-foot.png,test,ulcer,Initial-presentation-of-the-diabetic-ulcer-at-the-left-lateral-foot.png,.png,152952,93749dc7a8c5bc577ac029bb9a0f45b870745421a2e31831a32b40392e6757b4
dataset4/test/ulcer/M2800025-Diabetic_neuropathy_ulceration_of_sole_of_foot-SPL_popup.jpg,test,ulcer,M2800025-Diabetic_neuropathy_ulceration_of_sole_of_foot-SPL_popup.jpg,.jpg,41547,58b776eaf9633318c9f7da53fcdf7106ab5b81d7260a9f67cb2ddab784e64c18
dataset4/train/nonulcer/10.jpg,train,nonulcer,10.jpg,.jpg,21474,b76e4ae1fa645b3f32379ee322cb0f0f0b47f7add07d28f6529704f9823b64b6
dataset4/train/nonulcer/100.jpg,train,nonulcer,100.jpg,.jpg,16555,d49c0ea18fd74a2144b85f109911b2f69dd7d764d68a43434b5eb31d9cf0ea10
dataset4/train/nonulcer/101.jpg,train,nonulcer,101.jpg,.jpg,12234,e0afcc2bc0ad0b2fbc86e1d34234d283b5e76b476bac68a3ba82281d1e32f62e
dataset4/train/nonulcer/102.jpg,train,nonulcer,102.jpg,.jpg,14796,54df4bbaaa10d71431fcec94071ed2afee4c65d768ebecd59cd531ec534aeb0c
dataset4/train/nonulcer/103.jpg,train,nonulcer,103.jpg,.jpg,16322,d215e40945d6c98f733f788b2afe452773b13d5cd0ef6da6d2cf03f74be00a33
dataset4/train/nonulcer/104.jpg,train,nonulcer,104.jpg,.jpg,17175,cb7ef01ee280f772d8c975b56bdf2bbd956b92992402c859fd4b11a65587d912
dataset4/train/nonulcer/105.jpg,train,nonulcer,105.jpg,.jpg,12376,5022517aae081e9712e32e9c310a5ee0e305e7c5ecfc277d4ffc0e80f5d09e08
dataset4/train/nonulcer/106.jpg,train,nonulcer,106.jpg,.jpg,16237,75d778fb6eb5f5810f240c5ca6ce96de1eb2569bc356191076bfa68df282699f
dataset4/train/nonulcer/107.jpg,train,nonulcer,107.jpg,.jpg,17592,eaf33f1dad812bbfb75bf92f24a5aa9731e03f695b746e22342e1b3403ab4b9d
dataset4/train/nonulcer/108.jpg,train,nonulcer,108.jpg,.jpg,26761,72d15085b04383a4dec6998a41619ced56e2f212923afc6e60a2738195e6eb75
dataset4/train/nonulcer/109.jpg,train,nonulcer,109.jpg,.jpg,18892,2bc7ea350d1f413372d8931bd33f7b8bb60ffd27d93dd615f3aa3282c4dba61b
dataset4/train/nonulcer/11.jpg,train,nonulcer,11.jpg,.jpg,12598,609f98a870215c8412206106df6f15acddd9f214805fde605f8298ab996dc077
dataset4/train/nonulcer/110.jpg,train,nonulcer,110.jpg,.jpg,20851,69960fcb0526105b20dd5be5d30fd7495da87c8f8240cd5aa54b220d113d8e6d
dataset4/train/nonulcer/111.jpg,train,nonulcer,111.jpg,.jpg,12326,4ba837745dce575984053414495276e79760112066c20d960ed7510751c01b0d
dataset4/train/nonulcer/112.jpg,train,nonulcer,112.jpg,.jpg,13103,aa0c6421a794ff4a0293730a66521ba5aa113b95b1114fde73f5e2bc5756cf6b
dataset4/train/nonulcer/113.jpg,train,nonulcer,113.jpg,.jpg,16667,f56136cf51ed434500ea2846f50ee188ee804ba25277f1e480814ce1eac57cef
dataset4/train/nonulcer/114.jpg,train,nonulcer,114.jpg,.jpg,19055,670167ef4890ad00ca7bcc30a7df71752025130126746a6cf794244977a1bd65
dataset4/train/nonulcer/115.jpg,train,nonulcer,115.jpg,.jpg,14954,5f0ba2069c50e83878df8a2c859be34cb63f1571b9cf2cd8dfab232363596bb2
dataset4/train/nonulcer/116.jpg,train,nonulcer,116.jpg,.jpg,14793,0552207a425e4679e5ed8a1b69523ea298c39c2e29e4f60cff6207a437067efc
dataset4/train/nonulcer/117.jpg,train,nonulcer,117.jpg,.jpg,12624,a040268254851c4c3a864cd18cc52638724a3e765949ca86e76727dfe1ddbd15
dataset4/train/nonulcer/118.jpg,train,nonulcer,118.jpg,.jpg,17303,c2e360eed1019685818a0c76be0eb220d4401f9ad6fb50e85e65a768aa7bcaa0
dataset4/train/nonulcer/119.jpg,train,nonulcer,119.jpg,.jpg,13156,74399bd3a0dd0253df3c3087f37654b778f3ec84545e7dd1b5f2ebedce220659
dataset4/train/nonulcer/12.jpg,train,nonulcer,12.jpg,.jpg,9091,c3c3ea7e85e216aab1b06ffdfb863ce31babaa91b76925e60b7307b37b7c2395
dataset4/train/nonulcer/120.jpg,train,nonulcer,120.jpg,.jpg,33943,f3ec0e8c18aadd14af72eee43e676aaa6a53ce5c5c5b18e516dffbd3a1534711
dataset4/train/nonulcer/121.jpg,train,nonulcer,121.jpg,.jpg,16253,b36ea4ab89daf45c1d63d3a99ec1767225a41ac61e6c831a356703fe90d71454
dataset4/train/nonulcer/122.jpg,train,nonulcer,122.jpg,.jpg,16876,7bb9185e5ffc4dcd7e7bcd3349ab80360d4f313cdb3ed0ec7b32cb445bf52179
dataset4/train/nonulcer/123.jpg,train,nonulcer,123.jpg,.jpg,13402,089ab6bd8564f3a19d8f7459eef7d39d463ad2a96d50c140f751b2b9b2aa1711
dataset4/train/nonulcer/124.jpg,train,nonulcer,124.jpg,.jpg,12223,90a2b8735b7f1d98b133985273daf0f4f199e63f819c07ed4349d6f54a5ccc7b
dataset4/train/nonulcer/125.jpg,train,nonulcer,125.jpg,.jpg,17332,877ee75f0c92d4cf6a696731d29458aa44e7329dd17a1de3bcfbf73b78bc7a98
dataset4/train/nonulcer/126.jpg,train,nonulcer,126.jpg,.jpg,16823,324448b4f20f228c8a177fa74c3da5810136cf664831fa9779c38431ebaa1a30
dataset4/train/nonulcer/127.jpg,train,nonulcer,127.jpg,.jpg,25000,ddcf9667e86a46fcf0127dc5fc77a5f069adf7de9c7a52efbbe94a9515b36f7f
dataset4/train/nonulcer/128.jpg,train,nonulcer,128.jpg,.jpg,17332,877ee75f0c92d4cf6a696731d29458aa44e7329dd17a1de3bcfbf73b78bc7a98
dataset4/train/nonulcer/129.jpg,train,nonulcer,129.jpg,.jpg,19469,9b4550cb519b709d91799bf118520367a866a079ee482f5dce7f536a5c208eb0
dataset4/train/nonulcer/130.jpg,train,nonulcer,130.jpg,.jpg,27138,93213c1cff7770a5c6c848cc3807df1a887f4f2ff55ad46a98672619b15718de
dataset4/train/nonulcer/131.jpg,train,nonulcer,131.jpg,.jpg,19398,33979016c895b9bc82058620354117d9d8fefe7ec8cf04086c83b93840dfe3b8
dataset4/train/nonulcer/132.jpg,train,nonulcer,132.jpg,.jpg,13995,03c8cf1567d143337eddbc39eec6a9ad48e001510fbb5da0aa7e3ecbad68d47d
dataset4/train/nonulcer/133.jpg,train,nonulcer,133.jpg,.jpg,25000,ddcf9667e86a46fcf0127dc5fc77a5f069adf7de9c7a52efbbe94a9515b36f7f
dataset4/train/nonulcer/134.jpg,train,nonulcer,134.jpg,.jpg,26720,48f7f4525a9dd9ad3bcf79758f4d2224c986af9a43d3730120dcb90425b6865f
dataset4/train/nonulcer/135.jpg,train,nonulcer,135.jpg,.jpg,21742,f3ff631f1df48ce53adef9b61c71b138514c20f239fa6c9ff3452ee6d3f5a321
dataset4/train/nonulcer/136.jpg,train,nonulcer,136.jpg,.jpg,11865,84c55fdd2bcacb9db5b4d134aaaa51a9b85d7a5b0f7b05cee7bcb114d887b5f4
dataset4/train/nonulcer/137.jpg,train,nonulcer,137.jpg,.jpg,22749,6685de1acf475eb8ca113ca90844ad9d9e10f0474bd3cca6e91eebd944d7b659
dataset4/train/nonulcer/138.jpg,train,nonulcer,138.jpg,.jpg,31259,dd8e83ab28e35b25c2eafadb7415851968f85f5b1655398ecf218d16324cb2f5
dataset4/train/nonulcer/139.jpg,train,nonulcer,139.jpg,.jpg,24120,200a741bd8ed1171fa60fdfbd6e29cf8ac2c4d74fc4bc76b828d4095ccf37d59
dataset4/train/nonulcer/140.jpg,train,nonulcer,140.jpg,.jpg,26075,0d7ce339ce9dfaeb7233ea102b665710466238b712e81124859c25dc3faf766a
dataset4/train/nonulcer/141.jpg,train,nonulcer,141.jpg,.jpg,25972,b85cf1a19c4024afd6399e78fe151b9b6cb3cca16101d545b150bb2012aa86df
dataset4/train/nonulcer/142.jpg,train,nonulcer,142.jpg,.jpg,21019,f8ff4fc8e39b6096e63de366005fa93d82e56ca89c391a01c392c76f52bbfd72
dataset4/train/nonulcer/143.jpg,train,nonulcer,143.jpg,.jpg,30333,5b23fb9ecf470cbd6c67f46b0ecfe4c0928583668b5f8592b3dd8deefa813127
dataset4/train/nonulcer/144.jpg,train,nonulcer,144.jpg,.jpg,9604,a5689d56717c00e1a6df421e5eefda03dcbcf72a006999aaf0983b7efcaf4958
dataset4/train/nonulcer/145.jpg,train,nonulcer,145.jpg,.jpg,22940,cc0a8a3b9c65112736f99067029b9b553adcb011b6bcefd4ec4f6194c893e3a4
dataset4/train/nonulcer/146.jpg,train,nonulcer,146.jpg,.jpg,20194,7cb9d3fcd1e06f5f0fb30b2dc341415592cedc93e6e6da2e175b88bb6fac848e
dataset4/train/nonulcer/147.jpg,train,nonulcer,147.jpg,.jpg,17472,6e3851a775acbc10dce8c9c7e8289ec6913a1c9f4b600dbb060360535af581b1
dataset4/train/nonulcer/148.jpg,train,nonulcer,148.jpg,.jpg,12376,5022517aae081e9712e32e9c310a5ee0e305e7c5ecfc277d4ffc0e80f5d09e08
dataset4/train/nonulcer/149.jpg,train,nonulcer,149.jpg,.jpg,16237,75d778fb6eb5f5810f240c5ca6ce96de1eb2569bc356191076bfa68df282699f
dataset4/train/nonulcer/150.jpg,train,nonulcer,150.jpg,.jpg,16667,f56136cf51ed434500ea2846f50ee188ee804ba25277f1e480814ce1eac57cef
dataset4/train/nonulcer/151.jpg,train,nonulcer,151.jpg,.jpg,18590,f4bcab5376db97c84289401b538ef210b963dfe5a043da76d9ac0a1b8505edda
dataset4/train/nonulcer/152.jpg,train,nonulcer,152.jpg,.jpg,11406,a78c0f7beb1421494d125a32980cbd1037d707b8943bc88dabdef9bc4d0b4174
dataset4/train/nonulcer/153.jpg,train,nonulcer,153.jpg,.jpg,13332,0b6ac7f119e8397ebad772f280e66cb1eb89e40dd5a943054e5d29231bc44eac
dataset4/train/nonulcer/154.jpg,train,nonulcer,154.jpg,.jpg,13893,aadf85d858e2591609dc69ec4f2bae7015a6e30689c2e0c53e93533cc9de05eb
dataset4/train/nonulcer/155.jpg,train,nonulcer,155.jpg,.jpg,12431,43367be8afc1fcaae61164c6e3932f02103344f756e901231f8d159eed6147ed
dataset4/train/nonulcer/156.jpg,train,nonulcer,156.jpg,.jpg,12676,f7a3c0e705543393e8b159652fe499fbc58bbbc78b218dbfec572b53bbb11c2c
dataset4/train/nonulcer/157.jpg,train,nonulcer,157.jpg,.jpg,11702,867f55df80880567bca1c43cc2fccbe377ee9917bb92639936d39ac8ece27d67
dataset4/train/nonulcer/158.jpg,train,nonulcer,158.jpg,.jpg,10779,49e0835b81d73caafb6178beb9f45b0617592c61bd49d6c4fda4c5fa65661d28
dataset4/train/nonulcer/159.jpg,train,nonulcer,159.jpg,.jpg,10273,31ad4fababcebf8b7f61d968a79c86ee7c7a5230397d32fdb8f4fbc56d1a4ebe
dataset4/train/nonulcer/160.jpg,train,nonulcer,160.jpg,.jpg,10485,8d3ff91d9fd8bd7ddadf9fe3fe0552e1e5b68928460d4489844514be43f797ef
dataset4/train/nonulcer/161.jpg,train,nonulcer,161.jpg,.jpg,15776,18f2ebe3c2e1fa889f6af389af23b5e102b543ef4fb4f771d3bfb15ffb7a9661
dataset4/train/nonulcer/162.jpg,train,nonulcer,162.jpg,.jpg,9266,69d74a02e132bf2a388fb11a9de24a9b74f9abb3180f2bfb5a84ae339f806abc
dataset4/train/nonulcer/163.jpg,train,nonulcer,163.jpg,.jpg,10336,4f548209a08493cbbd6d6e120f08431a4bcb09346a01642e3e9cedd0e6489b5c
dataset4/train/nonulcer/164.jpg,train,nonulcer,164.jpg,.jpg,15098,ddd3f3952d23051d725847ee96ab9d7ca8df8a76c11e7a2b67c6d0f6fa9c6bb5
dataset4/train/nonulcer/165.jpg,train,nonulcer,165.jpg,.jpg,14035,4396427259be54e3f4f732660f4259e3c38262b750a9aee5f6fd407980a11883
dataset4/train/nonulcer/166.jpg,train,nonulcer,166.jpg,.jpg,17336,ace2a232743701174408cf89ccac7d640edfdeb53548acada18e36e39c13ae8e
dataset4/train/nonulcer/167.jpg,train,nonulcer,167.jpg,.jpg,16744,c285332b75c7116814ae4bf94450c603c14e7bae81c767a966a9f8658936f0e3
dataset4/train/nonulcer/168.jpg,train,nonulcer,168.jpg,.jpg,19983,d355d02ee008d4acfcb80b2c66346bd0c2954bb06c71c04e38c47da4f8b50b69
dataset4/train/nonulcer/169.jpg,train,nonulcer,169.jpg,.jpg,29175,bf8d74f6a1af861ab7863d5a5d175bb4e1b2fb635f452153d9bf3f91dfb46970
dataset4/train/nonulcer/170.jpg,train,nonulcer,170.jpg,.jpg,12884,bb41c9c00f62311466d7e32d08a5535807510a0f454a46f98c2088a5eb43ab6c
dataset4/train/nonulcer/171.jpg,train,nonulcer,171.jpg,.jpg,12208,8c4e0a08436961e36cff0a76658ef231d6317c19c9a5f5ef9f3a1b485c96c2e3
dataset4/train/nonulcer/172.jpg,train,nonulcer,172.jpg,.jpg,10117,9397a77137a077e8e84d068b804eebff2f9638cf528ee19b30c97bdd6091fef7
dataset4/train/nonulcer/173.jpg,train,nonulcer,173.jpg,.jpg,10367,bb7b56d21eabf5e2af770dfa648dfe16916dbb34de96cd75e08c58bd6044e99b
dataset4/train/nonulcer/174.jpg,train,nonulcer,174.jpg,.jpg,9951,682ad7e216c98df15a2ed4b2baa2b08f54b822f237bfb1573269e3969e13a10e
dataset4/train/nonulcer/175.jpg,train,nonulcer,175.jpg,.jpg,9203,eb3105088df552b3601bd276e889054e0f82e3975c371861b0174cf480c1c2e4
dataset4/train/nonulcer/176.jpg,train,nonulcer,176.jpg,.jpg,9309,68487181c0f85a4b6cbfacfefddd483f5c2d37da0b78f78d756309b4ce7db354
dataset4/train/nonulcer/177.jpg,train,nonulcer,177.jpg,.jpg,9454,1609f99414dc8625cdbb95e94c999f524387b3deae3cb5e454f736a9252b0d52
dataset4/train/nonulcer/178.jpg,train,nonulcer,178.jpg,.jpg,15036,9ef020f48317f70b4565dc70f65dacb1d1e637e167342799479a9173c247351b
dataset4/train/nonulcer/179.jpg,train,nonulcer,179.jpg,.jpg,27317,368037e98b67a4e49a07a4a8696b16f58abd5fef2795af75f3ebd0c305af735e
dataset4/train/nonulcer/18.jpg,train,nonulcer,18.jpg,.jpg,24442,0cfd8e0736ea55cb719faa75adcb6ed49355a71385add6dd1fc993ba414b0216
dataset4/train/nonulcer/180.jpg,train,nonulcer,180.jpg,.jpg,21701,6a04f8f172214f3497207035005e895bce40b29f3f46c9678387162dcf3b1fc4
dataset4/train/nonulcer/181.jpg,train,nonulcer,181.jpg,.jpg,15504,90b654611dd9237a2e9566bc19103942f6ebf0878c037859d24def0b015b834c
dataset4/train/nonulcer/182.jpg,train,nonulcer,182.jpg,.jpg,10844,2863a407d0b8b44303d461cb55b5f0fbfd1b51e87f91883dc94cc2575bf229cc
dataset4/train/nonulcer/183.jpg,train,nonulcer,183.jpg,.jpg,11141,c20d8e177643beb91bb4dda1bc8390073f87035170f8dab9b01c980644d1cf32
dataset4/train/nonulcer/184.jpg,train,nonulcer,184.jpg,.jpg,8574,aa64cfaeee1dabd033f80772d2ffe92e0a43c304443a739914259bf3c23c7092
dataset4/train/nonulcer/185.jpg,train,nonulcer,185.jpg,.jpg,15703,d96152076475f7b1628b864c5b57a0438c41ee7f60e2e10dcc5e605a1d5d3d88
dataset4/train/nonulcer/186.jpg,train,nonulcer,186.jpg,.jpg,15968,164a0d77e3204869a235901dc24b94d3fb4c5c76c67414f09e7b1eae619bdd8f
dataset4/train/nonulcer/187.jpg,train,nonulcer,187.jpg,.jpg,15827,9b1f67bd64492384f87af0b187c50638662c2f9d7969bdcbe8a7fee37dfe0ec9
dataset4/train/nonulcer/188.jpg,train,nonulcer,188.jpg,.jpg,14293,2be5efc687100138c1c55187753e228b593f6f8d54b99bc0225742d22a0d8c0b
dataset4/train/nonulcer/189.jpg,train,nonulcer,189.jpg,.jpg,14872,902160f9dd2c0782153d53ccf378adeecf98494d40da295cc663d7e0eb22de0d
dataset4/train/nonulcer/19.jpg,train,nonulcer,19.jpg,.jpg,25000,ddcf9667e86a46fcf0127dc5fc77a5f069adf7de9c7a52efbbe94a9515b36f7f
dataset4/train/nonulcer/190.jpg,train,nonulcer,190.jpg,.jpg,16461,ca9a9983b33a1003bf34d815f8057eefc6b6da8ea39c11cea74fc1b9f2ad2885
dataset4/train/nonulcer/191.jpg,train,nonulcer,191.jpg,.jpg,15866,34bb423cd1eacf0c700d5fcae3930c6a91b3f0a0a970edd7ff358aa6bb73e498
dataset4/train/nonulcer/192.jpg,train,nonulcer,192.jpg,.jpg,18328,a2d21e5d03bdfe5b703c416c0c33c950180df5b11cfb5865304780105198a596
dataset4/train/nonulcer/193.jpg,train,nonulcer,193.jpg,.jpg,17299,bb1a56f2a27562e1f920addb716b634287a64dec0c44c1485ae2529afe9a912e
dataset4/train/nonulcer/194.jpg,train,nonulcer,194.jpg,.jpg,18442,fe8b267e2411a5a16dacf62518ca3451e9241e279d8a399e6fc64a68be59588e
dataset4/train/nonulcer/195.jpg,train,nonulcer,195.jpg,.jpg,17058,ff14a84bbb9b42fc2173b139af8d5acc91dae8cda49d097c14c565186efeb7de
dataset4/train/nonulcer/196.jpg,train,nonulcer,196.jpg,.jpg,12557,588ba71aa85887c56fc55c25845ef51c2bdde40793e421373e3ba9592dd3798e
dataset4/train/nonulcer/197.jpg,train,nonulcer,197.jpg,.jpg,15174,f6f841cb561f94ef386d06b2cfb54618a9da40a9ca016b961aca6065dad61a3e
dataset4/train/nonulcer/198.jpg,train,nonulcer,198.jpg,.jpg,26934,6f054897e45db0d638a003b186af0b07ad24806f2f4d8039e59d4f250be8cfd6
dataset4/train/nonulcer/199.jpg,train,nonulcer,199.jpg,.jpg,22527,72209810c1f700257523b8f39412b0bbb2d7a980280a83f31702d574b5d4e04e
dataset4/train/nonulcer/20.jpg,train,nonulcer,20.jpg,.jpg,7823,235e30a40d8e369aabfad92631345a53db5d4558f27b66cf5146f30e6731e11f
dataset4/train/nonulcer/21.jpg,train,nonulcer,21.jpg,.jpg,17332,877ee75f0c92d4cf6a696731d29458aa44e7329dd17a1de3bcfbf73b78bc7a98
dataset4/train/nonulcer/22.jpg,train,nonulcer,22.jpg,.jpg,19469,9b4550cb519b709d91799bf118520367a866a079ee482f5dce7f536a5c208eb0
dataset4/train/nonulcer/23.jpg,train,nonulcer,23.jpg,.jpg,21474,b76e4ae1fa645b3f32379ee322cb0f0f0b47f7add07d28f6529704f9823b64b6
dataset4/train/nonulcer/24.jpg,train,nonulcer,24.jpg,.jpg,9091,c3c3ea7e85e216aab1b06ffdfb863ce31babaa91b76925e60b7307b37b7c2395
dataset4/train/nonulcer/25.jpg,train,nonulcer,25.jpg,.jpg,27138,93213c1cff7770a5c6c848cc3807df1a887f4f2ff55ad46a98672619b15718de
dataset4/train/nonulcer/26.jpg,train,nonulcer,26.jpg,.jpg,13995,03c8cf1567d143337eddbc39eec6a9ad48e001510fbb5da0aa7e3ecbad68d47d
dataset4/train/nonulcer/27.jpg,train,nonulcer,27.jpg,.jpg,32257,6eb867dba3308c2fba1c4df776c082a4c8d60a47b28fd1620cdefd5cc7741a6b
dataset4/train/nonulcer/28.jpg,train,nonulcer,28.jpg,.jpg,17767,818fbb9fc010e99900a22517dc5c489d8f985afa12e862bca62530705a88a7ca
dataset4/train/nonulcer/29.jpg,train,nonulcer,29.jpg,.jpg,21557,7fda32e6ebbc1ba0557019d26ebb38f4c1b7af314842b908cd550ff0a2d32b4a
dataset4/train/nonulcer/30.jpg,train,nonulcer,30.jpg,.jpg,19398,33979016c895b9bc82058620354117d9d8fefe7ec8cf04086c83b93840dfe3b8
dataset4/train/nonulcer/301.jpg,train,nonulcer,301.jpg,.jpg,17332,877ee75f0c92d4cf6a696731d29458aa44e7329dd17a1de3bcfbf73b78bc7a98
dataset4/train/nonulcer/302.jpg,train,nonulcer,302.jpg,.jpg,9091,c3c3ea7e85e216aab1b06ffdfb863ce31babaa91b76925e60b7307b37b7c2395
dataset4/train/nonulcer/303.jpg,train,nonulcer,303.jpg,.jpg,21474,b76e4ae1fa645b3f32379ee322cb0f0f0b47f7add07d28f6529704f9823b64b6
dataset4/train/nonulcer/304.jpg,train,nonulcer,304.jpg,.jpg,13995,03c8cf1567d143337eddbc39eec6a9ad48e001510fbb5da0aa7e3ecbad68d47d
dataset4/train/nonulcer/305.jpg,train,nonulcer,305.jpg,.jpg,27138,93213c1cff7770a5c6c848cc3807df1a887f4f2ff55ad46a98672619b15718de
dataset4/train/nonulcer/306.jpg,train,nonulcer,306.jpg,.jpg,17767,818fbb9fc010e99900a22517dc5c489d8f985afa12e862bca62530705a88a7ca
dataset4/train/nonulcer/307.jpg,train,nonulcer,307.jpg,.jpg,32257,6eb867dba3308c2fba1c4df776c082a4c8d60a47b28fd1620cdefd5cc7741a6b
dataset4/train/nonulcer/308.jpg,train,nonulcer,308.jpg,.jpg,19398,33979016c895b9bc82058620354117d9d8fefe7ec8cf04086c83b93840dfe3b8
dataset4/train/nonulcer/309.jpg,train,nonulcer,309.jpg,.jpg,21557,7fda32e6ebbc1ba0557019d26ebb38f4c1b7af314842b908cd550ff0a2d32b4a
dataset4/train/nonulcer/31.jpg,train,nonulcer,31.jpg,.jpg,12274,221a36b77e2a8d0387b111ed0c43d2e3dfa94d7ceb9549d4179d33de471b0991
dataset4/train/nonulcer/310.jpg,train,nonulcer,310.jpg,.jpg,12274,221a36b77e2a8d0387b111ed0c43d2e3dfa94d7ceb9549d4179d33de471b0991
dataset4/train/nonulcer/311.jpg,train,nonulcer,311.jpg,.jpg,19528,5324e8f8cef6417214d2a5d79f50a1b3570b0e56dc10b92a9e767f03d8f5312d
dataset4/train/nonulcer/312.jpg,train,nonulcer,312.jpg,.jpg,25000,ddcf9667e86a46fcf0127dc5fc77a5f069adf7de9c7a52efbbe94a9515b36f7f
dataset4/train/nonulcer/313.jpg,train,nonulcer,313.jpg,.jpg,11865,84c55fdd2bcacb9db5b4d134aaaa51a9b85d7a5b0f7b05cee7bcb114d887b5f4
dataset4/train/nonulcer/314.jpg,train,nonulcer,314.jpg,.jpg,26720,48f7f4525a9dd9ad3bcf79758f4d2224c986af9a43d3730120dcb90425b6865f
dataset4/train/nonulcer/315.jpg,train,nonulcer,315.jpg,.jpg,21827,eb2caad5e7122bee38c431fba56a7fb45e19ccd0a179e5d3752096c12a2dcdac
dataset4/train/nonulcer/316.jpg,train,nonulcer,316.jpg,.jpg,12474,31c426f30e621b4a6b8b2335c0af7c0fa1ea66321a2a9c4dfdea1dc2e98b6294
dataset4/train/nonulcer/317.jpg,train,nonulcer,317.jpg,.jpg,21742,f3ff631f1df48ce53adef9b61c71b138514c20f239fa6c9ff3452ee6d3f5a321
dataset4/train/nonulcer/318.jpg,train,nonulcer,318.jpg,.jpg,23398,155680b4505f47d7627b84311ac1b4f2181018a3678ad24bcb956e8d7470552b
dataset4/train/nonulcer/319.jpg,train,nonulcer,319.jpg,.jpg,29065,3f0e5f5a88e1c3b45eec437fb5917fc97ee1c51ee6b1bf225996d234b51f1a92
dataset4/train/nonulcer/32.jpg,train,nonulcer,32.jpg,.jpg,19528,5324e8f8cef6417214d2a5d79f50a1b3570b0e56dc10b92a9e767f03d8f5312d
dataset4/train/nonulcer/320.jpg,train,nonulcer,320.jpg,.jpg,48830,0157cf5e141f81196ebf550986bfd175bf7432483f99ee4a36d20fc91582c0aa
dataset4/train/nonulcer/321.jpg,train,nonulcer,321.jpg,.jpg,30813,26533daef3d4516c1f50319052c33621c1c80af76448da1e1e32b8f562f9a944
dataset4/train/nonulcer/322.jpg,train,nonulcer,322.jpg,.jpg,36247,4f253e9bdac41792859c081add8f163755362b8594b1e422b97020f3f8e3c589
dataset4/train/nonulcer/323.jpg,train,nonulcer,323.jpg,.jpg,30325,10f2dc3b7330ef11cf0090bad74809e07ca5b6612f66daf8eb46bdd669ca4aba
dataset4/train/nonulcer/324.jpg,train,nonulcer,324.jpg,.jpg,35274,12ba61fe87d4fee55436d800d4f4da7797b80b1d89d29b0698c88d7321ff7ca3
dataset4/train/nonulcer/325.jpg,train,nonulcer,325.jpg,.jpg,32134,b181f5d280738e60570e71a5d5f55072e9797c7e0a79986b3b3091b41e7ce687
dataset4/train/nonulcer/326.jpg,train,nonulcer,326.jpg,.jpg,29585,eebf6ea05a77627a6ac52c16fb08c7c7889c9874f0624979d1f1e3af0f4e803d
dataset4/train/nonulcer/327.jpg,train,nonulcer,327.jpg,.jpg,31259,dd8e83ab28e35b25c2eafadb7415851968f85f5b1655398ecf218d16324cb2f5
dataset4/train/nonulcer/328.jpg,train,nonulcer,328.jpg,.jpg,22749,6685de1acf475eb8ca113ca90844ad9d9e10f0474bd3cca6e91eebd944d7b659
dataset4/train/nonulcer/329.jpg,train,nonulcer,329.jpg,.jpg,31488,12a78955073ede88b4dd118a58d0f9ebb37b0c2aaabdb2f2b2273a78d219b8b1
dataset4/train/nonulcer/33.jpg,train,nonulcer,33.jpg,.jpg,26720,48f7f4525a9dd9ad3bcf79758f4d2224c986af9a43d3730120dcb90425b6865f
dataset4/train/nonulcer/330.jpg,train,nonulcer,330.jpg,.jpg,38345,2a56cfe576f17db6445613b259fd7be2471c87ebc04da37e91f183e7d103bc5f
dataset4/train/nonulcer/331.jpg,train,nonulcer,331.jpg,.jpg,19489,3ea63ebce50bcfdfecccb20e91150ecfbf190c3f9bf27b5ff683a138707571ab
dataset4/train/nonulcer/332.jpg,train,nonulcer,332.jpg,.jpg,27867,8ee0b36fa5b3fdc791e116ec6077339c8423105683cd60d76819ae833ba9dac0
dataset4/train/nonulcer/333.jpg,train,nonulcer,333.jpg,.jpg,24120,200a741bd8ed1171fa60fdfbd6e29cf8ac2c4d74fc4bc76b828d4095ccf37d59
dataset4/train/nonulcer/334.jpg,train,nonulcer,334.jpg,.jpg,26075,0d7ce339ce9dfaeb7233ea102b665710466238b712e81124859c25dc3faf766a
dataset4/train/nonulcer/335.jpg,train,nonulcer,335.jpg,.jpg,25972,b85cf1a19c4024afd6399e78fe151b9b6cb3cca16101d545b150bb2012aa86df
dataset4/train/nonulcer/336.jpg,train,nonulcer,336.jpg,.jpg,25794,943eef25da4efb6125f53d5a478e2b0bdec2f5b5ffa863fe99225499294d28c7
dataset4/train/nonulcer/337.jpg,train,nonulcer,337.jpg,.jpg,34655,8693f10168fe2e89057fb046b54b3d580e08b70786250f4c457b1f678d504277
dataset4/train/nonulcer/338.jpg,train,nonulcer,338.jpg,.jpg,21019,f8ff4fc8e39b6096e63de366005fa93d82e56ca89c391a01c392c76f52bbfd72
dataset4/train/nonulcer/339.jpg,train,nonulcer,339.jpg,.jpg,39277,72f4b1656a7da775c7398622348481095bec3309416f27cdc3669287bad19d02
dataset4/train/nonulcer/34.jpg,train,nonulcer,34.jpg,.jpg,24442,0cfd8e0736ea55cb719faa75adcb6ed49355a71385add6dd1fc993ba414b0216
dataset4/train/nonulcer/340.jpg,train,nonulcer,340.jpg,.jpg,30333,5b23fb9ecf470cbd6c67f46b0ecfe4c0928583668b5f8592b3dd8deefa813127
dataset4/train/nonulcer/341.jpg,train,nonulcer,341.jpg,.jpg,33217,366c3d5fda2fa95eea53ca8d5bfc987b1b2e648e340367e1b1ae4622aef3de12
dataset4/train/nonulcer/342.jpg,train,nonulcer,342.jpg,.jpg,24684,953019b4b027b4e8fae7b779752f2e453d3e27c5b7b8d854244c561f848c3171
dataset4/train/nonulcer/343.jpg,train,nonulcer,343.jpg,.jpg,24111,fc975c1af79d0e9e64541db796a9b64a883f438d057961b08647905f60df025c
dataset4/train/nonulcer/344.jpg,train,nonulcer,344.jpg,.jpg,38267,d3968a66f2348190b76f7773ae06e8c6dc847c462fadbc9cd517dd87c39d050b
dataset4/train/nonulcer/345.jpg,train,nonulcer,345.jpg,.jpg,24619,2d981555598f835a0f19a28c83da20ad63bc63071c51bf9746a39f2b60260a61
dataset4/train/nonulcer/346.jpg,train,nonulcer,346.jpg,.jpg,24220,e266ea964cc3dbbce3c111711b848323cb14cbf1472280071cfa9f7a6c7de5fd
dataset4/train/nonulcer/347.jpg,train,nonulcer,347.jpg,.jpg,15276,36ac3310541b34cc7276c4a91e7c5494fcf32e4e1df4868f75a104b39e920ab6
dataset4/train/nonulcer/348.jpg,train,nonulcer,348.jpg,.jpg,9604,a5689d56717c00e1a6df421e5eefda03dcbcf72a006999aaf0983b7efcaf4958
dataset4/train/nonulcer/349.jpg,train,nonulcer,349.jpg,.jpg,13807,6f1c1040893334140ec60c955166911c9703160ea1d14790cffd8ff0f882d168
dataset4/train/nonulcer/35.jpg,train,nonulcer,35.jpg,.jpg,25000,ddcf9667e86a46fcf0127dc5fc77a5f069adf7de9c7a52efbbe94a9515b36f7f
dataset4/train/nonulcer/350.jpg,train,nonulcer,350.jpg,.jpg,20026,e7e207eb92ff16304b8ae17def40a0fea4630be3ca557780ee85043f7c449f92
dataset4/train/nonulcer/351.jpg,train,nonulcer,351.jpg,.jpg,17592,eaf33f1dad812bbfb75bf92f24a5aa9731e03f695b746e22342e1b3403ab4b9d
dataset4/train/nonulcer/352.jpg,train,nonulcer,352.jpg,.jpg,18892,2bc7ea350d1f413372d8931bd33f7b8bb60ffd27d93dd615f3aa3282c4dba61b
dataset4/train/nonulcer/353.jpg,train,nonulcer,353.jpg,.jpg,20278,563fdf4d7db53198981c6cc4174773c4214e4a33925204cd3fb49fa80ff5c72d
dataset4/train/nonulcer/354.jpg,train,nonulcer,354.jpg,.jpg,24840,0c4e57818844b0ddf3bc689362dbd4546b66886f7316a211e733dbcd77b83d69
dataset4/train/nonulcer/355.jpg,train,nonulcer,355.jpg,.jpg,35002,8cdd2d8c81a68fff2d57980040bf65bbda627f52af251863e2febb80d9445d89
dataset4/train/nonulcer/356.jpg,train,nonulcer,356.jpg,.jpg,17472,6e3851a775acbc10dce8c9c7e8289ec6913a1c9f4b600dbb060360535af581b1
dataset4/train/nonulcer/357.jpg,train,nonulcer,357.jpg,.jpg,19055,670167ef4890ad00ca7bcc30a7df71752025130126746a6cf794244977a1bd65
dataset4/train/nonulcer/358.jpg,train,nonulcer,358.jpg,.jpg,10639,d87caf2e29f8ea8de6421259df65ec2e3a37a606821b339aea1cb050c5af258e
dataset4/train/nonulcer/359.jpg,train,nonulcer,359.jpg,.jpg,9393,8fb973a6b5f8599e37c7f0f020f64abe1578a19faf51837ea8b6584bd12305f0
dataset4/train/nonulcer/36.jpg,train,nonulcer,36.jpg,.jpg,11865,84c55fdd2bcacb9db5b4d134aaaa51a9b85d7a5b0f7b05cee7bcb114d887b5f4
dataset4/train/nonulcer/360.jpg,train,nonulcer,360.jpg,.jpg,16667,f56136cf51ed434500ea2846f50ee188ee804ba25277f1e480814ce1eac57cef
dataset4/train/nonulcer/361.jpg,train,nonulcer,361.jpg,.jpg,25355,22b7ed5b9ab4db3ae65dd77e7b5457c302e6c0b42345c4f684dc8a410f80d6ee
dataset4/train/nonulcer/362.jpg,train,nonulcer,362.jpg,.jpg,21950,461a097b83a70b0bc393f60c9ee7cad9ae534cfb8f2d55955ff6c69d45e1b3a9
dataset4/train/nonulcer/363.jpg,train,nonulcer,363.jpg,.jpg,17982,da42461adbf9485d51faae392f8035ec2e2f7cdcfa9ab3acf48b4b8fde1a72a1
dataset4/train/nonulcer/364.jpg,train,nonulcer,364.jpg,.jpg,20194,7cb9d3fcd1e06f5f0fb30b2dc341415592cedc93e6e6da2e175b88bb6fac848e
dataset4/train/nonulcer/365.jpg,train,nonulcer,365.jpg,.jpg,22940,cc0a8a3b9c65112736f99067029b9b553adcb011b6bcefd4ec4f6194c893e3a4
dataset4/train/nonulcer/366.jpg,train,nonulcer,366.jpg,.jpg,13281,2b73d4ba1d095b47854261cae5cad10ddc5f4be2957c480dd558f39687eac05c
dataset4/train/nonulcer/367.jpg,train,nonulcer,367.jpg,.jpg,16237,75d778fb6eb5f5810f240c5ca6ce96de1eb2569bc356191076bfa68df282699f
dataset4/train/nonulcer/368.jpg,train,nonulcer,368.jpg,.jpg,21571,ca2a48d7af5226e9e3b140de9432b9a3d0386507a72adb2189ba6d0c02317103
dataset4/train/nonulcer/369.jpg,train,nonulcer,369.jpg,.jpg,16555,d49c0ea18fd74a2144b85f109911b2f69dd7d764d68a43434b5eb31d9cf0ea10
dataset4/train/nonulcer/37.jpg,train,nonulcer,37.jpg,.jpg,12474,31c426f30e621b4a6b8b2335c0af7c0fa1ea66321a2a9c4dfdea1dc2e98b6294
dataset4/train/nonulcer/370.jpg,train,nonulcer,370.jpg,.jpg,16649,2c889a6be70f6a793b79f036d20375396c186657f466e13b53d75be5f8748b74
dataset4/train/nonulcer/371.jpg,train,nonulcer,371.jpg,.jpg,14796,54df4bbaaa10d71431fcec94071ed2afee4c65d768ebecd59cd531ec534aeb0c
dataset4/train/nonulcer/372.jpg,train,nonulcer,372.jpg,.jpg,16322,d215e40945d6c98f733f788b2afe452773b13d5cd0ef6da6d2cf03f74be00a33
dataset4/train/nonulcer/373.jpg,train,nonulcer,373.jpg,.jpg,25000,ddcf9667e86a46fcf0127dc5fc77a5f069adf7de9c7a52efbbe94a9515b36f7f
dataset4/train/nonulcer/374.jpg,train,nonulcer,374.jpg,.jpg,26720,48f7f4525a9dd9ad3bcf79758f4d2224c986af9a43d3730120dcb90425b6865f
dataset4/train/nonulcer/375.jpg,train,nonulcer,375.jpg,.jpg,27138,93213c1cff7770a5c6c848cc3807df1a887f4f2ff55ad46a98672619b15718de
dataset4/train/nonulcer/377.jpg,train,nonulcer,377.jpg,.jpg,11865,84c55fdd2bcacb9db5b4d134aaaa51a9b85d7a5b0f7b05cee7bcb114d887b5f4
dataset4/train/nonulcer/378.jpg,train,nonulcer,378.jpg,.jpg,21742,f3ff631f1df48ce53adef9b61c71b138514c20f239fa6c9ff3452ee6d3f5a321
dataset4/train/nonulcer/379.jpg,train,nonulcer,379.jpg,.jpg,25000,ddcf9667e86a46fcf0127dc5fc77a5f069adf7de9c7a52efbbe94a9515b36f7f
dataset4/train/nonulcer/38.jpg,train,nonulcer,38.jpg,.jpg,21827,eb2caad5e7122bee38c431fba56a7fb45e19ccd0a179e5d3752096c12a2dcdac
dataset4/train/nonulcer/380.jpg,train,nonulcer,380.jpg,.jpg,12376,5022517aae081e9712e32e9c310a5ee0e305e7c5ecfc277d4ffc0e80f5d09e08
dataset4/train/nonulcer/381.jpg,train,nonulcer,381.jpg,.jpg,13156,74399bd3a0dd0253df3c3087f37654b778f3ec84545e7dd1b5f2ebedce220659
dataset4/train/nonulcer/382.jpg,train,nonulcer,382.jpg,.jpg,16876,7bb9185e5ffc4dcd7e7bcd3349ab80360d4f313cdb3ed0ec7b32cb445bf52179
dataset4/train/nonulcer/383.jpg,train,nonulcer,383.jpg,.jpg,30333,5b23fb9ecf470cbd6c67f46b0ecfe4c0928583668b5f8592b3dd8deefa813127
dataset4/train/nonulcer/384.jpg,train,nonulcer,384.jpg,.jpg,12624,a040268254851c4c3a864cd18cc52638724a3e765949ca86e76727dfe1ddbd15
dataset4/train/nonulcer/385.jpg,train,nonulcer,385.jpg,.jpg,14954,5f0ba2069c50e83878df8a2c859be34cb63f1571b9cf2cd8dfab232363596bb2
dataset4/train/nonulcer/386.jpg,train,nonulcer,386.jpg,.jpg,24120,200a741bd8ed1171fa60fdfbd6e29cf8ac2c4d74fc4bc76b828d4095ccf37d59
dataset4/train/nonulcer/387.jpg,train,nonulcer,387.jpg,.jpg,22749,6685de1acf475eb8ca113ca90844ad9d9e10f0474bd3cca6e91eebd944d7b659
dataset4/train/nonulcer/389.jpg,train,nonulcer,389.jpg,.jpg,13995,03c8cf1567d143337eddbc39eec6a9ad48e001510fbb5da0aa7e3ecbad68d47d
dataset4/train/nonulcer/39.jpg,train,nonulcer,39.jpg,.jpg,21742,f3ff631f1df48ce53adef9b61c71b138514c20f239fa6c9ff3452ee6d3f5a321
dataset4/train/nonulcer/390.jpg,train,nonulcer,390.jpg,.jpg,16823,324448b4f20f228c8a177fa74c3da5810136cf664831fa9779c38431ebaa1a30
dataset4/train/nonulcer/391.jpg,train,nonulcer,391.jpg,.jpg,20851,69960fcb0526105b20dd5be5d30fd7495da87c8f8240cd5aa54b220d113d8e6d
dataset4/train/nonulcer/392.jpg,train,nonulcer,392.jpg,.jpg,13103,aa0c6421a794ff4a0293730a66521ba5aa113b95b1114fde73f5e2bc5756cf6b
dataset4/train/nonulcer/393.jpg,train,nonulcer,393.jpg,.jpg,22940,cc0a8a3b9c65112736f99067029b9b553adcb011b6bcefd4ec4f6194c893e3a4
dataset4/train/nonulcer/394.jpg,train,nonulcer,394.jpg,.jpg,17332,877ee75f0c92d4cf6a696731d29458aa44e7329dd17a1de3bcfbf73b78bc7a98
dataset4/train/nonulcer/395.jpg,train,nonulcer,395.jpg,.jpg,9604,a5689d56717c00e1a6df421e5eefda03dcbcf72a006999aaf0983b7efcaf4958
dataset4/train/nonulcer/396.jpg,train,nonulcer,396.jpg,.jpg,17332,877ee75f0c92d4cf6a696731d29458aa44e7329dd17a1de3bcfbf73b78bc7a98
dataset4/train/nonulcer/397.jpg,train,nonulcer,397.jpg,.jpg,25972,b85cf1a19c4024afd6399e78fe151b9b6cb3cca16101d545b150bb2012aa86df
dataset4/train/nonulcer/398.jpg,train,nonulcer,398.jpg,.jpg,13402,089ab6bd8564f3a19d8f7459eef7d39d463ad2a96d50c140f751b2b9b2aa1711
dataset4/train/nonulcer/399.jpg,train,nonulcer,399.jpg,.jpg,14035,4396427259be54e3f4f732660f4259e3c38262b750a9aee5f6fd407980a11883
dataset4/train/nonulcer/40.jpg,train,nonulcer,40.jpg,.jpg,24821,6f06588fedb5faae2a10bf52fcaf16ab6ae9c9c14980d29322feb673b237bff5
dataset4/train/nonulcer/400.jpg,train,nonulcer,400.jpg,.jpg,10273,31ad4fababcebf8b7f61d968a79c86ee7c7a5230397d32fdb8f4fbc56d1a4ebe
dataset4/train/nonulcer/401.jpg,train,nonulcer,401.jpg,.jpg,12326,4ba837745dce575984053414495276e79760112066c20d960ed7510751c01b0d
dataset4/train/nonulcer/402.jpg,train,nonulcer,402.jpg,.jpg,21019,f8ff4fc8e39b6096e63de366005fa93d82e56ca89c391a01c392c76f52bbfd72
dataset4/train/nonulcer/403.jpg,train,nonulcer,403.jpg,.jpg,10779,49e0835b81d73caafb6178beb9f45b0617592c61bd49d6c4fda4c5fa65661d28
dataset4/train/nonulcer/404.jpg,train,nonulcer,404.jpg,.jpg,12376,5022517aae081e9712e32e9c310a5ee0e305e7c5ecfc277d4ffc0e80f5d09e08
dataset4/train/nonulcer/405.jpg,train,nonulcer,405.jpg,.jpg,16253,b36ea4ab89daf45c1d63d3a99ec1767225a41ac61e6c831a356703fe90d71454
dataset4/train/nonulcer/406.jpg,train,nonulcer,406.jpg,.jpg,17303,c2e360eed1019685818a0c76be0eb220d4401f9ad6fb50e85e65a768aa7bcaa0
dataset4/train/nonulcer/407.jpg,train,nonulcer,407.jpg,.jpg,17175,cb7ef01ee280f772d8c975b56bdf2bbd956b92992402c859fd4b11a65587d912
dataset4/train/nonulcer/408.jpg,train,nonulcer,408.jpg,.jpg,16744,c285332b75c7116814ae4bf94450c603c14e7bae81c767a966a9f8658936f0e3
dataset4/train/nonulcer/409.jpg,train,nonulcer,409.jpg,.jpg,11702,867f55df80880567bca1c43cc2fccbe377ee9917bb92639936d39ac8ece27d67
dataset4/train/nonulcer/41.jpg,train,nonulcer,41.jpg,.jpg,24192,7b6d95d4f7c655789c6b14aa4246ed73132a15bc4e8a4201699bec3639370089
dataset4/train/nonulcer/410.jpg,train,nonulcer,410.jpg,.jpg,26761,72d15085b04383a4dec6998a41619ced56e2f212923afc6e60a2738195e6eb75
dataset4/train/nonulcer/411.jpg,train,nonulcer,411.jpg,.jpg,19469,9b4550cb519b709d91799bf118520367a866a079ee482f5dce7f536a5c208eb0
dataset4/train/nonulcer/412.jpg,train,nonulcer,412.jpg,.jpg,18590,f4bcab5376db97c84289401b538ef210b963dfe5a043da76d9ac0a1b8505edda
dataset4/train/nonulcer/413.jpg,train,nonulcer,413.jpg,.jpg,11406,a78c0f7beb1421494d125a32980cbd1037d707b8943bc88dabdef9bc4d0b4174
dataset4/train/nonulcer/414.jpg,train,nonulcer,414.jpg,.jpg,16237,75d778fb6eb5f5810f240c5ca6ce96de1eb2569bc356191076bfa68df282699f
dataset4/train/nonulcer/415.jpg,train,nonulcer,415.jpg,.jpg,15968,164a0d77e3204869a235901dc24b94d3fb4c5c76c67414f09e7b1eae619bdd8f
dataset4/train/nonulcer/416.jpg,train,nonulcer,416.jpg,.jpg,17336,ace2a232743701174408cf89ccac7d640edfdeb53548acada18e36e39c13ae8e
dataset4/train/nonulcer/417.jpg,train,nonulcer,417.jpg,.jpg,19398,33979016c895b9bc82058620354117d9d8fefe7ec8cf04086c83b93840dfe3b8
dataset4/train/nonulcer/418.jpg,train,nonulcer,418.jpg,.jpg,26075,0d7ce339ce9dfaeb7233ea102b665710466238b712e81124859c25dc3faf766a
dataset4/train/nonulcer/419.jpg,train,nonulcer,419.jpg,.jpg,15776,18f2ebe3c2e1fa889f6af389af23b5e102b543ef4fb4f771d3bfb15ffb7a9661
dataset4/train/nonulcer/42.jpg,train,nonulcer,42.jpg,.jpg,23398,155680b4505f47d7627b84311ac1b4f2181018a3678ad24bcb956e8d7470552b
dataset4/train/nonulcer/420.jpg,train,nonulcer,420.jpg,.jpg,27317,368037e98b67a4e49a07a4a8696b16f58abd5fef2795af75f3ebd0c305af735e
dataset4/train/nonulcer/421.jpg,train,nonulcer,421.jpg,.jpg,10336,4f548209a08493cbbd6d6e120f08431a4bcb09346a01642e3e9cedd0e6489b5c
dataset4/train/nonulcer/422.jpg,train,nonulcer,422.jpg,.jpg,10844,2863a407d0b8b44303d461cb55b5f0fbfd1b51e87f91883dc94cc2575bf229cc
dataset4/train/nonulcer/423.jpg,train,nonulcer,423.jpg,.jpg,10367,bb7b56d21eabf5e2af770dfa648dfe16916dbb34de96cd75e08c58bd6044e99b
dataset4/train/nonulcer/425.jpg,train,nonulcer,425.jpg,.jpg,12676,f7a3c0e705543393e8b159652fe499fbc58bbbc78b218dbfec572b53bbb11c2c
dataset4/train/nonulcer/426.jpg,train,nonulcer,426.jpg,.jpg,12223,90a2b8735b7f1d98b133985273daf0f4f199e63f819c07ed4349d6f54a5ccc7b
dataset4/train/nonulcer/427.jpg,train,nonulcer,427.jpg,.jpg,16461,ca9a9983b33a1003bf34d815f8057eefc6b6da8ea39c11cea74fc1b9f2ad2885
dataset4/train/nonulcer/428.jpg,train,nonulcer,428.jpg,.jpg,12557,588ba71aa85887c56fc55c25845ef51c2bdde40793e421373e3ba9592dd3798e
dataset4/train/nonulcer/429.jpg,train,nonulcer,429.jpg,.jpg,9454,1609f99414dc8625cdbb95e94c999f524387b3deae3cb5e454f736a9252b0d52
dataset4/train/nonulcer/43.jpg,train,nonulcer,43.jpg,.jpg,33435,c7cc471038442686966dcaf4c4b1a5e0dec0e9b00069b7ed7629d999daaa9966
dataset4/train/nonulcer/430.jpg,train,nonulcer,430.jpg,.jpg,18442,fe8b267e2411a5a16dacf62518ca3451e9241e279d8a399e6fc64a68be59588e
dataset4/train/nonulcer/431.jpg,train,nonulcer,431.jpg,.jpg,20194,7cb9d3fcd1e06f5f0fb30b2dc341415592cedc93e6e6da2e175b88bb6fac848e
dataset4/train/nonulcer/432.jpg,train,nonulcer,432.jpg,.jpg,15036,9ef020f48317f70b4565dc70f65dacb1d1e637e167342799479a9173c247351b
dataset4/train/nonulcer/433.jpg,train,nonulcer,433.jpg,.jpg,22527,72209810c1f700257523b8f39412b0bbb2d7a980280a83f31702d574b5d4e04e
dataset4/train/nonulcer/434.jpg,train,nonulcer,434.jpg,.jpg,17058,ff14a84bbb9b42fc2173b139af8d5acc91dae8cda49d097c14c565186efeb7de
dataset4/train/nonulcer/435.jpg,train,nonulcer,435.jpg,.jpg,26934,6f054897e45db0d638a003b186af0b07ad24806f2f4d8039e59d4f250be8cfd6
dataset4/train/nonulcer/436.jpg,train,nonulcer,436.jpg,.jpg,20982,3bf6c7fac5871c499b6c13ce39690bfdc1d8b3b2babb96e6a62613a47741c37b
dataset4/train/nonulcer/437.jpg,train,nonulcer,437.jpg,.jpg,17472,6e3851a775acbc10dce8c9c7e8289ec6913a1c9f4b600dbb060360535af581b1
dataset4/train/nonulcer/438.jpg,train,nonulcer,438.jpg,.jpg,31259,dd8e83ab28e35b25c2eafadb7415851968f85f5b1655398ecf218d16324cb2f5
dataset4/train/nonulcer/439.jpg,train,nonulcer,439.jpg,.jpg,13893,aadf85d858e2591609dc69ec4f2bae7015a6e30689c2e0c53e93533cc9de05eb
dataset4/train/nonulcer/440.jpg,train,nonulcer,440.jpg,.jpg,15098,ddd3f3952d23051d725847ee96ab9d7ca8df8a76c11e7a2b67c6d0f6fa9c6bb5
dataset4/train/nonulcer/441.jpg,train,nonulcer,441.jpg,.jpg,19983,d355d02ee008d4acfcb80b2c66346bd0c2954bb06c71c04e38c47da4f8b50b69
dataset4/train/nonulcer/442.jpg,train,nonulcer,442.jpg,.jpg,10117,9397a77137a077e8e84d068b804eebff2f9638cf528ee19b30c97bdd6091fef7
dataset4/train/nonulcer/443.jpg,train,nonulcer,443.jpg,.jpg,12431,43367be8afc1fcaae61164c6e3932f02103344f756e901231f8d159eed6147ed
dataset4/train/nonulcer/444.jpg,train,nonulcer,444.jpg,.jpg,13332,0b6ac7f119e8397ebad772f280e66cb1eb89e40dd5a943054e5d29231bc44eac
dataset4/train/nonulcer/445.jpg,train,nonulcer,445.jpg,.jpg,19093,4d9ef91bd1664a34d7283f3f188f8cd96f88c0d71986c497e4559785d0b5f73b
dataset4/train/nonulcer/446.jpg,train,nonulcer,446.jpg,.jpg,15219,aedd460dff23871b836fbfc40eff158b2a29144081aedbfa5c4ee1de908d9cdc
dataset4/train/nonulcer/447.jpg,train,nonulcer,447.jpg,.jpg,17299,bb1a56f2a27562e1f920addb716b634287a64dec0c44c1485ae2529afe9a912e
dataset4/train/nonulcer/448.jpg,train,nonulcer,448.jpg,.jpg,26053,a69e299aaba8a7c80495ac7066c1a02b2341b9e927343eca0a166500f5b56d41
dataset4/train/nonulcer/449.jpg,train,nonulcer,449.jpg,.jpg,13235,c7cafac8dbdcf8808f4fa9745c5155a8ad72e4511fe0f7e15296cc6c9f77ab18
dataset4/train/nonulcer/450.jpg,train,nonulcer,450.jpg,.jpg,12554,f56c9a1ba0015ebb0731ddcafe8ef0a68aa5379cdb2f20faaebd0c6ecc6df252
dataset4/train/nonulcer/451.jpg,train,nonulcer,451.jpg,.jpg,14293,2be5efc687100138c1c55187753e228b593f6f8d54b99bc0225742d22a0d8c0b
dataset4/train/nonulcer/452.jpg,train,nonulcer,452.jpg,.jpg,18328,a2d21e5d03bdfe5b703c416c0c33c950180df5b11cfb5865304780105198a596
dataset4/train/nonulcer/453.jpg,train,nonulcer,453.jpg,.jpg,16667,f56136cf51ed434500ea2846f50ee188ee804ba25277f1e480814ce1eac57cef
dataset4/train/nonulcer/454.jpg,train,nonulcer,454.jpg,.jpg,18419,1d1765a43debf3b49026544ac7491fa57835430c5ad8d132429ec54ae4f4dc77
dataset4/train/nonulcer/456.jpg,train,nonulcer,456.jpg,.jpg,15703,d96152076475f7b1628b864c5b57a0438c41ee7f60e2e10dcc5e605a1d5d3d88
dataset4/train/nonulcer/457.jpg,train,nonulcer,457.jpg,.jpg,15866,34bb423cd1eacf0c700d5fcae3930c6a91b3f0a0a970edd7ff358aa6bb73e498
dataset4/train/nonulcer/458.jpg,train,nonulcer,458.jpg,.jpg,9951,682ad7e216c98df15a2ed4b2baa2b08f54b822f237bfb1573269e3969e13a10e
dataset4/train/nonulcer/459.jpg,train,nonulcer,459.jpg,.jpg,10485,8d3ff91d9fd8bd7ddadf9fe3fe0552e1e5b68928460d4489844514be43f797ef
dataset4/train/nonulcer/46.jpg,train,nonulcer,46.jpg,.jpg,30813,26533daef3d4516c1f50319052c33621c1c80af76448da1e1e32b8f562f9a944
dataset4/train/nonulcer/460.jpg,train,nonulcer,460.jpg,.jpg,17323,58cc255df869fbd4b7253341b76113ed9870b3ee38d04748f8df6692848f7f0a
dataset4/train/nonulcer/461.jpg,train,nonulcer,461.jpg,.jpg,22157,5eec55ec3221003c5676e9ff77a392bf4a3908b45a944dfdf960c14b267a28f6
dataset4/train/nonulcer/462.jpg,train,nonulcer,462.jpg,.jpg,19056,9271bf736d01f89a4be6189ee795931d90099b62965c2816556afc3ab41fc12d
dataset4/train/nonulcer/463.jpg,train,nonulcer,463.jpg,.jpg,15827,9b1f67bd64492384f87af0b187c50638662c2f9d7969bdcbe8a7fee37dfe0ec9
dataset4/train/nonulcer/464.jpg,train,nonulcer,464.jpg,.jpg,11141,c20d8e177643beb91bb4dda1bc8390073f87035170f8dab9b01c980644d1cf32
dataset4/train/nonulcer/465.jpg,train,nonulcer,465.jpg,.jpg,9203,eb3105088df552b3601bd276e889054e0f82e3975c371861b0174cf480c1c2e4
dataset4/train/nonulcer/466.jpg,train,nonulcer,466.jpg,.jpg,11388,1d4ae0988508c1b9ad41c987fe98fa2a5a0d556d7762f0eb775300f52d204a6a
dataset4/train/nonulcer/467.jpg,train,nonulcer,467.jpg,.jpg,16527,761574f1cbcf5e0c8fccfc7830fbc21083325678434c1fb958fcc044782f7021
dataset4/train/nonulcer/468.jpg,train,nonulcer,468.jpg,.jpg,15174,f6f841cb561f94ef386d06b2cfb54618a9da40a9ca016b961aca6065dad61a3e
dataset4/train/nonulcer/469.jpg,train,nonulcer,469.jpg,.jpg,10400,9a2111664c9c87480b111fcca6375cb3dd9e65435f2a4288f5e4baea8a8a1a2f
dataset4/train/nonulcer/47.jpg,train,nonulcer,47.jpg,.jpg,29065,3f0e5f5a88e1c3b45eec437fb5917fc97ee1c51ee6b1bf225996d234b51f1a92
dataset4/train/nonulcer/470.jpg,train,nonulcer,470.jpg,.jpg,19684,7a2037785dd48e138fb9eb295f6405ded2253b309991c111abc539e3558648a9
dataset4/train/nonulcer/471.jpg,train,nonulcer,471.jpg,.jpg,13050,1962285febfd3336493d625f8778febec2dc0c67533697d089dd9fcb34734d3b
dataset4/train/nonulcer/472.jpg,train,nonulcer,472.jpg,.jpg,16843,c3001efcbbb36f9f7fab68b1c96e0fc3360b240b6e6bacdd18d13910e905aeae
dataset4/train/nonulcer/473.jpg,train,nonulcer,473.jpg,.jpg,21701,6a04f8f172214f3497207035005e895bce40b29f3f46c9678387162dcf3b1fc4
dataset4/train/nonulcer/474.jpg,train,nonulcer,474.jpg,.jpg,8574,aa64cfaeee1dabd033f80772d2ffe92e0a43c304443a739914259bf3c23c7092
dataset4/train/nonulcer/475.jpg,train,nonulcer,475.jpg,.jpg,21854,10bc341214cc2f88e36072471514f141a35fbc31f68aa3ee10a11647a53d1387
dataset4/train/nonulcer/476.jpg,train,nonulcer,476.jpg,.jpg,17545,98bfa7b9c477c44c081f937e22a41a9185287e6afdb26ae8bbe026164b801ab1
dataset4/train/nonulcer/477.jpg,train,nonulcer,477.jpg,.jpg,15829,bd6769145640a7219369d1a63b2aba829eba33530b4141364b35f2bf7207aad8
dataset4/train/nonulcer/478.jpg,train,nonulcer,478.jpg,.jpg,15504,90b654611dd9237a2e9566bc19103942f6ebf0878c037859d24def0b015b834c
dataset4/train/nonulcer/479.jpg,train,nonulcer,479.jpg,.jpg,21365,cb7957124bdb65fc9c066cea31a2332d4f8fb88d60714f811d5e8e61ffed10ef
dataset4/train/nonulcer/48.jpg,train,nonulcer,48.jpg,.jpg,30325,10f2dc3b7330ef11cf0090bad74809e07ca5b6612f66daf8eb46bdd669ca4aba
dataset4/train/nonulcer/480.jpg,train,nonulcer,480.jpg,.jpg,9266,69d74a02e132bf2a388fb11a9de24a9b74f9abb3180f2bfb5a84ae339f806abc
dataset4/train/nonulcer/481.jpg,train,nonulcer,481.jpg,.jpg,12875,54e4980953e78184d675126aff82ba3d2fc21a6dba36a01e4c192b34ea655e98
dataset4/train/nonulcer/482.jpg,train,nonulcer,482.jpg,.jpg,13933,06e6438e86e80bc61248c3857ed094c422440025420e071e33ffa4d43c38af86
dataset4/train/nonulcer/483.jpg,train,nonulcer,483.jpg,.jpg,15438,daa3f4fe02521bc2586e0ac51e8458c1e7d5ee3de5b8d92d576fffebde92fd10
dataset4/train/nonulcer/484.jpg,train,nonulcer,484.jpg,.jpg,15625,55ab2e6b11c529abf4e0a932812c6dfe07f0a6061d9c0ee0ae63b75c11639b85
dataset4/train/nonulcer/485.jpg,train,nonulcer,485.jpg,.jpg,15162,a1202a1ec96a4971e8094df586e5921a53d00015b61d8cab19f089752fda8bb4
dataset4/train/nonulcer/486.jpg,train,nonulcer,486.jpg,.jpg,23219,b261bd033cd52756f245a25347ff85c33c03ed09d8a792983f6a8c41c9a1c0a7
dataset4/train/nonulcer/487.jpg,train,nonulcer,487.jpg,.jpg,16274,c03a8ee0b6bd664234a84e42ae6b63ae7cf9b42d336cd20dbb3d93808844e219
dataset4/train/nonulcer/488.jpg,train,nonulcer,488.jpg,.jpg,16055,3a80b26d3546d6c888f29d2c17a00b64865fa648e830473c5c17a4109dcb6dd1
dataset4/train/nonulcer/489.jpg,train,nonulcer,489.jpg,.jpg,13619,4a53ec5581c9a567326176830776e3ebd1fe0d0cd301ea58c0fe77fb6cbf6045
dataset4/train/nonulcer/49.jpg,train,nonulcer,49.jpg,.jpg,48830,0157cf5e141f81196ebf550986bfd175bf7432483f99ee4a36d20fc91582c0aa
dataset4/train/nonulcer/490.jpg,train,nonulcer,490.jpg,.jpg,19093,f9ba6a574bc1a28342604045b438b255653b944f117d25023f648489c86b6781
dataset4/train/nonulcer/491.jpg,train,nonulcer,491.jpg,.jpg,10855,f38d204f403e2317eae18a7fad233b6ce638cb1d5a775ef995500ac942d8e67c
dataset4/train/nonulcer/492.jpg,train,nonulcer,492.jpg,.jpg,11750,8156bc0e08c95031f10b358e3cff9b4731b629088fcbaf478883484f6ace095b
dataset4/train/nonulcer/493.jpg,train,nonulcer,493.jpg,.jpg,12678,3fb9320cbc80430436917fe92b10439ca7c6f2058dd6526c95cceb011609dc78
dataset4/train/nonulcer/494.jpg,train,nonulcer,494.jpg,.jpg,9309,68487181c0f85a4b6cbfacfefddd483f5c2d37da0b78f78d756309b4ce7db354
dataset4/train/nonulcer/495.jpg,train,nonulcer,495.jpg,.jpg,10612,0a3d2bdee1f92e8c393be3f4bdab36cab23611b4f8014eb8770b80a0f9efdaa6
dataset4/train/nonulcer/496.jpg,train,nonulcer,496.jpg,.jpg,20724,206fb4bdc13d65308f32e99c51d553ebbeb5f7f737dc53d2c57687097b0e4fb9
dataset4/train/nonulcer/497.jpg,train,nonulcer,497.jpg,.jpg,15671,bcab34d3087e292fae4b5ffe262ca47663697c7211aece3cc3e47146e6124726
dataset4/train/nonulcer/498.jpg,train,nonulcer,498.jpg,.jpg,21502,d090f704f719c0593b08be3b5ffe74e17bdefe8baa41e2b6db0264a9cd6a17df
dataset4/train/nonulcer/499.jpg,train,nonulcer,499.jpg,.jpg,18270,a133a3cf732fd264040d1c2d8b5936acce228d7dfdd55e0fd1c6f293086ec2b8
dataset4/train/nonulcer/50.jpg,train,nonulcer,50.jpg,.jpg,36247,4f253e9bdac41792859c081add8f163755362b8594b1e422b97020f3f8e3c589
dataset4/train/nonulcer/500.jpg,train,nonulcer,500.jpg,.jpg,21422,c35dd3f5ceb1db08897153fb220d670b8861b237c4b6a15e465da78f4166e726
dataset4/train/nonulcer/501.jpg,train,nonulcer,501.jpg,.jpg,11930,580fb97b7417006b3c1631443200a2d55aa51364de5f8b2ab647f097c7e5fa6d
dataset4/train/nonulcer/502.jpg,train,nonulcer,502.jpg,.jpg,13389,bb8d1baeef767202839c295cb3507f7d0b94370630335a80d663a2ab74f617f5
dataset4/train/nonulcer/503.jpg,train,nonulcer,503.jpg,.jpg,14115,39ef723acbd969c038346d1b3bc06da31ba7da73dd6d9ac695bb7427b4e3d5c6
dataset4/train/nonulcer/504.jpg,train,nonulcer,504.jpg,.jpg,13090,49a76d3036b9f8c4e9e20887b2a7aff0d76498363d46c95fe32da269c5f9499c
dataset4/train/nonulcer/505.jpg,train,nonulcer,505.jpg,.jpg,10463,039d9966507db8953abc9d787b7d53ebbd82b665a25880f15b3c2accb2230d4f
dataset4/train/nonulcer/506.jpg,train,nonulcer,506.jpg,.jpg,19409,8004ddf601aac5478618a629112f7fced10e05234f4fbc3c59388a20b0da2368
dataset4/train/nonulcer/507.jpg,train,nonulcer,507.jpg,.jpg,19072,020267d08f9070c1e9677c1243e32ccc57fed04116e22707984859e601f71b32
dataset4/train/nonulcer/508.jpg,train,nonulcer,508.jpg,.jpg,17218,403d49f7f0ff84da4dca978a00fbe599c29dbfb5e30c35fafafb415fd465c862
dataset4/train/nonulcer/509.jpg,train,nonulcer,509.jpg,.jpg,10661,634a2c98bc2365bd9de6b378b3e341806013720482cf39c0c40ca9fcd088b00b
dataset4/train/nonulcer/51.jpg,train,nonulcer,51.jpg,.jpg,32134,b181f5d280738e60570e71a5d5f55072e9797c7e0a79986b3b3091b41e7ce687
dataset4/train/nonulcer/510.jpg,train,nonulcer,510.jpg,.jpg,22642,283ecbdc1760855326edc8e724d131e1bfecc0781b0829a87c73a73e9bcb054f
dataset4/train/nonulcer/511.jpg,train,nonulcer,511.jpg,.jpg,21371,27433d02315bde51ad3c8bd15e537733254e680c1bff770892e244f3048322ea
dataset4/train/nonulcer/512.jpg,train,nonulcer,512.jpg,.jpg,9587,dfb51b43a73bf07dd14897cf27eb5352f4f025d91905b0892f21043936492a84
dataset4/train/nonulcer/513.jpg,train,nonulcer,513.jpg,.jpg,15448,505aa476080fc7ebe8fc227bf842ff68679c782a600786ae183df7300d2a6751
dataset4/train/nonulcer/514.jpg,train,nonulcer,514.jpg,.jpg,18562,c7220f1b9ff2efb0ba455a9c3634be8ead0111e2063595faa492a7ed2dd2abdd
dataset4/train/nonulcer/515.jpg,train,nonulcer,515.jpg,.jpg,14881,2d53f99c3500ee0bf4dca20ceaad359c26b5bd8088111cef09bfe4154e3bf821
dataset4/train/nonulcer/516.jpg,train,nonulcer,516.jpg,.jpg,14454,1d231a771e9744fed90a7422aa8db788c1ab9d9ca2bed3ceb689cb0cc7426e4c
dataset4/train/nonulcer/517.jpg,train,nonulcer,517.jpg,.jpg,13233,68a5b1d0b289c4904da105b908d7cea5c8bfbfbc30b57aeec49df43793d823cf
dataset4/train/nonulcer/518.jpg,train,nonulcer,518.jpg,.jpg,25533,e92b83e506b5b5bee624e4a2342fece33b682fc3af359a88c43f0bf8d5662bfd
dataset4/train/nonulcer/519.jpg,train,nonulcer,519.jpg,.jpg,18131,fc7b9ffe32dd4e575bc0bb602921674ee2e26219f772618a216d02d08e41d3c7
dataset4/train/nonulcer/52.jpg,train,nonulcer,52.jpg,.jpg,35274,12ba61fe87d4fee55436d800d4f4da7797b80b1d89d29b0698c88d7321ff7ca3
dataset4/train/nonulcer/520.jpg,train,nonulcer,520.jpg,.jpg,12622,804babd6a9cbd9e610288183f86b3afc7f104acfb818ef89fe96c8a1041f12cd
dataset4/train/nonulcer/521.jpg,train,nonulcer,521.jpg,.jpg,14212,153c8ae246e4bf789fa815402abd288bddebdac1b33077caf3887545f2b91b4d
dataset4/train/nonulcer/522.jpg,train,nonulcer,522.jpg,.jpg,13134,75f00640854a2816756d4e0fd11fc76206af2b269f5b21ebe9381d32da8d6955
dataset4/train/nonulcer/523.jpg,train,nonulcer,523.jpg,.jpg,19704,142d53324078779044644f693f28152f28c028d3fd86b4fe8dd689697d18a5d1
dataset4/train/nonulcer/524.jpg,train,nonulcer,524.jpg,.jpg,17590,7508513f5d1360e38787efcd2e7383d8bb1ce8cca2c2f4f9b82415626462e38d
dataset4/train/nonulcer/525.jpg,train,nonulcer,525.jpg,.jpg,19331,fdb9f88c25eeb86a7d3acda4b1fa7dec64ad643d38d544962e9561311f88f4be
dataset4/train/nonulcer/527.jpg,train,nonulcer,527.jpg,.jpg,13580,cb3339794adb72aa786d5cff10abf318442e9b6b263ff11a8a6653ea0cb77af7
dataset4/train/nonulcer/528.jpg,train,nonulcer,528.jpg,.jpg,11695,f356632b738fc45e5c8e1b011a46e2e03a3ca79004474459f0c3b58120aadc6a
dataset4/train/nonulcer/529.jpg,train,nonulcer,529.jpg,.jpg,21727,806160c6c20cfcdc1d73055809d301d664d312a448a15f7c3d4ac51617620390
dataset4/train/nonulcer/53.jpg,train,nonulcer,53.jpg,.jpg,29585,eebf6ea05a77627a6ac52c16fb08c7c7889c9874f0624979d1f1e3af0f4e803d
dataset4/train/nonulcer/530.jpg,train,nonulcer,530.jpg,.jpg,12404,99533bf60a61d484959718bf42156765352b9d52754a0d40c83476c183c3b6ea
dataset4/train/nonulcer/531.jpg,train,nonulcer,531.jpg,.jpg,22503,1e4ed4ee13e8164d50cbcb3bd5538199a4302fef620492fefdc615ca0dd22ed8
dataset4/train/nonulcer/532.jpg,train,nonulcer,532.jpg,.jpg,14968,d5b8f408221fa31929edccb1af2a65c9831c903ffb8868ba29664a362daefe62
dataset4/train/nonulcer/533.jpg,train,nonulcer,533.jpg,.jpg,17025,d932b3a33b5867bf2d29afe5d082b53c36254741822928a3d468f20f91afbb95
dataset4/train/nonulcer/534.jpg,train,nonulcer,534.jpg,.jpg,13925,f1776d16709196c573a34e53df473ffbbcbc1f6a755d43d6b5f7b67e59a267e2
dataset4/train/nonulcer/535.jpg,train,nonulcer,535.jpg,.jpg,15896,5ab8feaba7c9b02f2dfa8905110610aa31b1294dc963a7292fc35a1e5a06e8e1
dataset4/train/nonulcer/536.jpg,train,nonulcer,536.jpg,.jpg,15249,19a46422edc189de24ce1b88ca85cf1ca2f931ce3bb503034de55ee323c3018d
dataset4/train/nonulcer/537.jpg,train,nonulcer,537.jpg,.jpg,18879,49594ef2324492d79628876e5fea86064fcced3b504632cdde89e5ead7ac46eb
dataset4/train/nonulcer/54.jpg,train,nonulcer,54.jpg,.jpg,31259,dd8e83ab28e35b25c2eafadb7415851968f85f5b1655398ecf218d16324cb2f5
dataset4/train/nonulcer/55.jpg,train,nonulcer,55.jpg,.jpg,26971,efbd0066ec6d6a0bd51f331a00bb9ce4d075ce04b1fbe749c6532e66906a0b52
dataset4/train/nonulcer/56.jpg,train,nonulcer,56.jpg,.jpg,31488,12a78955073ede88b4dd118a58d0f9ebb37b0c2aaabdb2f2b2273a78d219b8b1
dataset4/train/nonulcer/57.jpg,train,nonulcer,57.jpg,.jpg,22749,6685de1acf475eb8ca113ca90844ad9d9e10f0474bd3cca6e91eebd944d7b659
dataset4/train/nonulcer/58.jpg,train,nonulcer,58.jpg,.jpg,19489,3ea63ebce50bcfdfecccb20e91150ecfbf190c3f9bf27b5ff683a138707571ab
dataset4/train/nonulcer/59.jpg,train,nonulcer,59.jpg,.jpg,24606,5ec6e1ecbfc3d970f1f7dc6d049487080117b293df56e97a15e1043e55bfbac6
dataset4/train/nonulcer/6.jpg,train,nonulcer,6.jpg,.jpg,12223,90a2b8735b7f1d98b133985273daf0f4f199e63f819c07ed4349d6f54a5ccc7b
dataset4/train/nonulcer/60.jpg,train,nonulcer,60.jpg,.jpg,38345,2a56cfe576f17db6445613b259fd7be2471c87ebc04da37e91f183e7d103bc5f
dataset4/train/nonulcer/61.jpg,train,nonulcer,61.jpg,.jpg,36123,224ef86bc23bf966c4767cd20a7d67481032d58ee63ea4b4c82f53611fa0dd23
dataset4/train/nonulcer/62.jpg,train,nonulcer,62.jpg,.jpg,26075,0d7ce339ce9dfaeb7233ea102b665710466238b712e81124859c25dc3faf766a
dataset4/train/nonulcer/63.jpg,train,nonulcer,63.jpg,.jpg,27867,8ee0b36fa5b3fdc791e116ec6077339c8423105683cd60d76819ae833ba9dac0
dataset4/train/nonulcer/64.jpg,train,nonulcer,64.jpg,.jpg,24120,200a741bd8ed1171fa60fdfbd6e29cf8ac2c4d74fc4bc76b828d4095ccf37d59
dataset4/train/nonulcer/65.jpg,train,nonulcer,65.jpg,.jpg,25794,943eef25da4efb6125f53d5a478e2b0bdec2f5b5ffa863fe99225499294d28c7
dataset4/train/nonulcer/66.jpg,train,nonulcer,66.jpg,.jpg,25972,b85cf1a19c4024afd6399e78fe151b9b6cb3cca16101d545b150bb2012aa86df
dataset4/train/nonulcer/67.jpg,train,nonulcer,67.jpg,.jpg,21019,f8ff4fc8e39b6096e63de366005fa93d82e56ca89c391a01c392c76f52bbfd72
dataset4/train/nonulcer/68.jpg,train,nonulcer,68.jpg,.jpg,34655,8693f10168fe2e89057fb046b54b3d580e08b70786250f4c457b1f678d504277
dataset4/train/nonulcer/69.jpg,train,nonulcer,69.jpg,.jpg,30333,5b23fb9ecf470cbd6c67f46b0ecfe4c0928583668b5f8592b3dd8deefa813127
dataset4/train/nonulcer/7.jpg,train,nonulcer,7.jpg,.jpg,16823,324448b4f20f228c8a177fa74c3da5810136cf664831fa9779c38431ebaa1a30
dataset4/train/nonulcer/70.jpg,train,nonulcer,70.jpg,.jpg,39277,72f4b1656a7da775c7398622348481095bec3309416f27cdc3669287bad19d02
dataset4/train/nonulcer/71.jpg,train,nonulcer,71.jpg,.jpg,38267,d3968a66f2348190b76f7773ae06e8c6dc847c462fadbc9cd517dd87c39d050b
dataset4/train/nonulcer/72.jpg,train,nonulcer,72.jpg,.jpg,33217,366c3d5fda2fa95eea53ca8d5bfc987b1b2e648e340367e1b1ae4622aef3de12
dataset4/train/nonulcer/73.jpg,train,nonulcer,73.jpg,.jpg,35002,8cdd2d8c81a68fff2d57980040bf65bbda627f52af251863e2febb80d9445d89
dataset4/train/nonulcer/74.jpg,train,nonulcer,74.jpg,.jpg,24684,953019b4b027b4e8fae7b779752f2e453d3e27c5b7b8d854244c561f848c3171
dataset4/train/nonulcer/75.jpg,train,nonulcer,75.jpg,.jpg,24619,2d981555598f835a0f19a28c83da20ad63bc63071c51bf9746a39f2b60260a61
dataset4/train/nonulcer/76.jpg,train,nonulcer,76.jpg,.jpg,24840,0c4e57818844b0ddf3bc689362dbd4546b66886f7316a211e733dbcd77b83d69
dataset4/train/nonulcer/77.jpg,train,nonulcer,77.jpg,.jpg,24111,fc975c1af79d0e9e64541db796a9b64a883f438d057961b08647905f60df025c
dataset4/train/nonulcer/78.jpg,train,nonulcer,78.jpg,.jpg,25355,22b7ed5b9ab4db3ae65dd77e7b5457c302e6c0b42345c4f684dc8a410f80d6ee
dataset4/train/nonulcer/79.jpg,train,nonulcer,79.jpg,.jpg,15154,99b89d4a1b7c7594c205959424e8f354fd4ae275c5b895aa7d90fc634b449e73
dataset4/train/nonulcer/8.jpg,train,nonulcer,8.jpg,.jpg,17332,877ee75f0c92d4cf6a696731d29458aa44e7329dd17a1de3bcfbf73b78bc7a98
dataset4/train/nonulcer/80.jpg,train,nonulcer,80.jpg,.jpg,15276,36ac3310541b34cc7276c4a91e7c5494fcf32e4e1df4868f75a104b39e920ab6
dataset4/train/nonulcer/81.jpg,train,nonulcer,81.jpg,.jpg,9393,8fb973a6b5f8599e37c7f0f020f64abe1578a19faf51837ea8b6584bd12305f0
dataset4/train/nonulcer/82.jpg,train,nonulcer,82.jpg,.jpg,9604,a5689d56717c00e1a6df421e5eefda03dcbcf72a006999aaf0983b7efcaf4958
dataset4/train/nonulcer/83.jpg,train,nonulcer,83.jpg,.jpg,10639,d87caf2e29f8ea8de6421259df65ec2e3a37a606821b339aea1cb050c5af258e
dataset4/train/nonulcer/84.jpg,train,nonulcer,84.jpg,.jpg,13807,6f1c1040893334140ec60c955166911c9703160ea1d14790cffd8ff0f882d168
dataset4/train/nonulcer/85.jpg,train,nonulcer,85.jpg,.jpg,13219,d45379f4d8eb30189ef29269543b4c7174bfec55c15ca58e8f508b05043b3702
dataset4/train/nonulcer/86.jpg,train,nonulcer,86.jpg,.jpg,24220,e266ea964cc3dbbce3c111711b848323cb14cbf1472280071cfa9f7a6c7de5fd
dataset4/train/nonulcer/87.jpg,train,nonulcer,87.jpg,.jpg,22940,cc0a8a3b9c65112736f99067029b9b553adcb011b6bcefd4ec4f6194c893e3a4
dataset4/train/nonulcer/88.jpg,train,nonulcer,88.jpg,.jpg,19619,b43364beb380c30eb8ff66e7e8e732ba4b9188a98f083a00e593ff3cc925bff4
dataset4/train/nonulcer/89.jpg,train,nonulcer,89.jpg,.jpg,18833,bdf3f3ef4cd39203fdb5a3a9ef5aac422b06e2cb69c6f46018eba1360998dc61
dataset4/train/nonulcer/9.jpg,train,nonulcer,9.jpg,.jpg,19469,9b4550cb519b709d91799bf118520367a866a079ee482f5dce7f536a5c208eb0
dataset4/train/nonulcer/90.jpg,train,nonulcer,90.jpg,.jpg,18278,f6221c8b357fafac19abb1e319a23d4643fa3109774c7d199e8564a2df3763f3
dataset4/train/nonulcer/91.jpg,train,nonulcer,91.jpg,.jpg,20026,e7e207eb92ff16304b8ae17def40a0fea4630be3ca557780ee85043f7c449f92
dataset4/train/nonulcer/92.jpg,train,nonulcer,92.jpg,.jpg,21571,ca2a48d7af5226e9e3b140de9432b9a3d0386507a72adb2189ba6d0c02317103
dataset4/train/nonulcer/93.jpg,train,nonulcer,93.jpg,.jpg,21950,461a097b83a70b0bc393f60c9ee7cad9ae534cfb8f2d55955ff6c69d45e1b3a9
dataset4/train/nonulcer/94.jpg,train,nonulcer,94.jpg,.jpg,20278,563fdf4d7db53198981c6cc4174773c4214e4a33925204cd3fb49fa80ff5c72d
dataset4/train/nonulcer/95.jpg,train,nonulcer,95.jpg,.jpg,20194,7cb9d3fcd1e06f5f0fb30b2dc341415592cedc93e6e6da2e175b88bb6fac848e
dataset4/train/nonulcer/96.jpg,train,nonulcer,96.jpg,.jpg,17982,da42461adbf9485d51faae392f8035ec2e2f7cdcfa9ab3acf48b4b8fde1a72a1
dataset4/train/nonulcer/97.jpg,train,nonulcer,97.jpg,.jpg,13281,2b73d4ba1d095b47854261cae5cad10ddc5f4be2957c480dd558f39687eac05c
dataset4/train/nonulcer/98.jpg,train,nonulcer,98.jpg,.jpg,16649,2c889a6be70f6a793b79f036d20375396c186657f466e13b53d75be5f8748b74
dataset4/train/nonulcer/99.jpg,train,nonulcer,99.jpg,.jpg,17472,6e3851a775acbc10dce8c9c7e8289ec6913a1c9f4b600dbb060360535af581b1
dataset4/train/nonulcer/download (13).jpg,train,nonulcer,download (13).jpg,.jpg,7475,ed6734095b437383732a1941e99738d1637b8ebb94c437432f1c982cbf827a7b
dataset4/train/nonulcer/download (14).jpg,train,nonulcer,download (14).jpg,.jpg,5765,5c7420ef690d29963ea039e3dd070c3f4d94850298463426b856b55186ac5a4b
dataset4/train/nonulcer/download (15).jpg,train,nonulcer,download (15).jpg,.jpg,7715,3f29215212fb027c3fa693233e001bc427d8f442ea4e0124476eeb750d0dc152
dataset4/train/nonulcer/download (16).jpg,train,nonulcer,download (16).jpg,.jpg,14570,f2b922d2684f4cdd4adfb71b931c64b6b2d2092e3eb6e64b085466fda14f1e52
dataset4/train/nonulcer/download (17).jpg,train,nonulcer,download (17).jpg,.jpg,8035,bf97ddede000e5d548c6613a5b551c7612942ee69bbf01fc5c50a256faae87f0
dataset4/train/nonulcer/download (19).jpg,train,nonulcer,download (19).jpg,.jpg,5935,3fc65cad566e9d3f71983e042143f15a44e2a03f94a39c1ee3d5aba03c9d2f32
dataset4/train/nonulcer/download (2).jpg,train,nonulcer,download (2).jpg,.jpg,5736,5b0fa9997db89347340125c3d412a73c0783a4fb9c04c4481aed875cffd8b563
dataset4/train/nonulcer/download (20).jpg,train,nonulcer,download (20).jpg,.jpg,5756,36ab36a36bc1b7da4b729b901abbcd8e8c2c818cbc70c7330831a82bb629ddf7
dataset4/train/nonulcer/download (3).jpg,train,nonulcer,download (3).jpg,.jpg,4444,5b7e4d702f5ad30510049c040c1ff6f1035aa4cc3d26c927c801f6254cce67a4
dataset4/train/nonulcer/download (4).jpg,train,nonulcer,download (4).jpg,.jpg,6132,cbc603bf8a956f7e2c10d5ec003e90af7fc00790c909f82c60ee6b16d39d2047
dataset4/train/nonulcer/download (5).jpg,train,nonulcer,download (5).jpg,.jpg,3916,ebcb80788cf0b78ad8f645b499319b02447299668310b22b4c0954891b7336be
dataset4/train/nonulcer/download (6).jpg,train,nonulcer,download (6).jpg,.jpg,4566,9e560619e199e341921c422af6f4fe2dcd1ba9bb454165d1c0b46aabb6bab83d
dataset4/train/nonulcer/download (7).jpg,train,nonulcer,download (7).jpg,.jpg,5899,3aff9e419926686a222e15b80ca60b00ed83425c9e4189b9043dd947d9904929
dataset4/train/nonulcer/download (9).jpg,train,nonulcer,download (9).jpg,.jpg,5411,c332534242a44c0c3234a9fe436d6661675ba7eb52ac647c4d4991d9f72dd141
dataset4/train/nonulcer/download.jpg,train,nonulcer,download.jpg,.jpg,7175,3606f7b5c0529a5752b80c43d5419a2d0d3f4968b99ce9ef6aeb7eff21651849
dataset4/train/nonulcer/images (1).jpg,train,nonulcer,images (1).jpg,.jpg,6163,0486823a31a94bc7347501f72f2f896f8cf4035e027a0303c14fac5438b5c025
dataset4/train/nonulcer/images (10).jpg,train,nonulcer,images (10).jpg,.jpg,4381,f0aa211915abc4e89598ad7bf887a6890ba435e6d26a0102d6833cac9fafe014
dataset4/train/nonulcer/images (11).jpg,train,nonulcer,images (11).jpg,.jpg,9044,9ee22f87e426cbbd3b48b09614097692f758caeaa6ee7883b2a81af210ea5a6e
dataset4/train/nonulcer/images (12).jpg,train,nonulcer,images (12).jpg,.jpg,5558,b2606aa9c0d66be09422f4b2abf750856c9c5192720bee3218669a32a13d2d90
dataset4/train/nonulcer/images (13).jpg,train,nonulcer,images (13).jpg,.jpg,4882,f7c237da6b45bfd4036f022cf1a125e7def968a9bb889d037c66b5e30144b1af
dataset4/train/nonulcer/images (15).jpg,train,nonulcer,images (15).jpg,.jpg,7164,302e64252ce42bb211149fe45bc793cbbaae67f29da4f274981e88bbfe5c281d
dataset4/train/nonulcer/images (16).jpg,train,nonulcer,images (16).jpg,.jpg,6831,22d7b6b4758e3cc67820841a7da52e18e10c19365f8801b91b206a888865f0bd
dataset4/train/nonulcer/images (17).jpg,train,nonulcer,images (17).jpg,.jpg,6279,74d3cdabc3742bb6da76eae1076db1b1d118c8344fbc2f4c0d0ddd4bf6cf57e3
dataset4/train/nonulcer/images (18).jpg,train,nonulcer,images (18).jpg,.jpg,4895,a5da8b34362b2f86f97482f7852537479b49ab565f51581c5ccaa17651152211
dataset4/train/nonulcer/images (19).jpg,train,nonulcer,images (19).jpg,.jpg,7028,6c10813adfb66a673e8724d7807c6ab1c7257346add5a527a716a9e20df758d2
dataset4/train/nonulcer/images (20).jpg,train,nonulcer,images (20).jpg,.jpg,5561,828cb1772a41705b9197d435dfacfe23ced2f602e916d4e18bd32dd21d7c1263
dataset4/train/nonulcer/images (21).jpg,train,nonulcer,images (21).jpg,.jpg,4849,085f70444cd37eb56fd833f0829ee48e674eb1fc6f54e046b85d3b93fff4467c
dataset4/train/nonulcer/images (23).jpg,train,nonulcer,images (23).jpg,.jpg,4911,6881e01ffcefbc00cfa8f62e19a1576ed686108fcd5c237c0c0c6167524f9967
dataset4/train/nonulcer/images (24).jpg,train,nonulcer,images (24).jpg,.jpg,5039,0715f98e0502e7fe90b432b337461e9fb32ed5e98da80011dd5e1b0370445943
dataset4/train/nonulcer/images (25).jpg,train,nonulcer,images (25).jpg,.jpg,5294,a8f82f64bac14542c488179fe6cc221a6f4149bd894b579e319514b4587e2e8d
dataset4/train/nonulcer/images (26).jpg,train,nonulcer,images (26).jpg,.jpg,4779,ada3df78a7818e7a69071ba4c26c56357e89c9888199620a08c581b54b1f46dd
dataset4/train/nonulcer/images (27).jpg,train,nonulcer,images (27).jpg,.jpg,3768,4ef0d9dd142d3739a8a5b210639cdc5b80503c6add177eb2aa06ee2df424ac2b
dataset4/train/nonulcer/images (28).jpg,train,nonulcer,images (28).jpg,.jpg,6288,ce04dc483f55207acc5730cc6ce39af48c1c57983e91156b0d417c6ba2cf56de
dataset4/train/nonulcer/images (30).jpg,train,nonulcer,images (30).jpg,.jpg,5133,1c1150cd798459cfe762cc423a4cc0b74bc0d95dc93456c7e487553180c75910
dataset4/train/nonulcer/images (31).jpg,train,nonulcer,images (31).jpg,.jpg,6814,87bf6757f1118a6c2fec7b4bc3ba0da201fe8620e669c0c5a9d433b9bd6544fa
dataset4/train/nonulcer/images (32).jpg,train,nonulcer,images (32).jpg,.jpg,5799,8e8154425e6f5670d6bee50ef6da34f8321f872575ac7788b4904c27ca075b2c
dataset4/train/nonulcer/images (34).jpg,train,nonulcer,images (34).jpg,.jpg,4630,77af26977b3a77cc92836363a34b9d8d2883c83ae5cb8d34a44b1b0cb7ec9452
dataset4/train/nonulcer/images (35).jpg,train,nonulcer,images (35).jpg,.jpg,3768,4ef0d9dd142d3739a8a5b210639cdc5b80503c6add177eb2aa06ee2df424ac2b
dataset4/train/nonulcer/images (36).jpg,train,nonulcer,images (36).jpg,.jpg,4597,73cb6462a9df2516e68131636d6c2bed8371008cd44448ecad12e0ffd4d0d807
dataset4/train/nonulcer/images (37).jpg,train,nonulcer,images (37).jpg,.jpg,6780,116692bff13eac272bb3b8f46ff21c8bae215b3e57ab78faf2fbf4b88845eac4
dataset4/train/nonulcer/images (38).jpg,train,nonulcer,images (38).jpg,.jpg,5193,8a0ab7bdea11e16a42971a1f80136cf3a87a17fb5e02ea5b9d7ca9f5a1040c6d
dataset4/train/nonulcer/images (39).jpg,train,nonulcer,images (39).jpg,.jpg,4571,9d13deae4ca44ae76f7b1e73ab95af9821407e97b8f7d2b4bb59847951d16a28
dataset4/train/nonulcer/images (4).jpg,train,nonulcer,images (4).jpg,.jpg,7818,d4b21ab183f578a91f71bad39cf11087794fa6ab0569ef417ec9a78e7613c989
dataset4/train/nonulcer/images (40).jpg,train,nonulcer,images (40).jpg,.jpg,6354,dc2e88682342c7f895403ae629ca23b0e88b04845223c05941b821477e55f1d7
dataset4/train/nonulcer/images (41).jpg,train,nonulcer,images (41).jpg,.jpg,6321,9e96e247599139ec99ceea4b7a038a5181a793f4b005cd28ae939d05e2db5376
dataset4/train/nonulcer/images (42).jpg,train,nonulcer,images (42).jpg,.jpg,3959,558e95ab032703719848fa0f262e264aedda3301e5fc6f805223dc384a3293df
dataset4/train/nonulcer/images (43).jpg,train,nonulcer,images (43).jpg,.jpg,6583,b48a3db2b89a1a7b37c22173ba2b32711d72b208e7d7ff6c1789085924475fc0
dataset4/train/nonulcer/images (44).jpg,train,nonulcer,images (44).jpg,.jpg,3629,b228f9052d826e4d1fc663998db5368801c19918ceee25d0bfb8b7cc5118ac23
dataset4/train/nonulcer/images (45).jpg,train,nonulcer,images (45).jpg,.jpg,4828,4314d5c317ccb1aee5f231be5fc5f985e410f29db111abcc6dbe9e863348de43
dataset4/train/nonulcer/images (46).jpg,train,nonulcer,images (46).jpg,.jpg,5935,3fc65cad566e9d3f71983e042143f15a44e2a03f94a39c1ee3d5aba03c9d2f32
dataset4/train/nonulcer/images (47).jpg,train,nonulcer,images (47).jpg,.jpg,5736,5b0fa9997db89347340125c3d412a73c0783a4fb9c04c4481aed875cffd8b563
dataset4/train/nonulcer/images (48).jpg,train,nonulcer,images (48).jpg,.jpg,4794,79a68d3bccbf5cc82fb1c63145370ba245591ad5f1304bae5c0cdb4c94550ce3
dataset4/train/nonulcer/images (49).jpg,train,nonulcer,images (49).jpg,.jpg,5746,c959e4695ecb35ad6a7e0f09cac06c939ecba8c55ae7676ad71641d14b0784b8
dataset4/train/nonulcer/images (5).jpg,train,nonulcer,images (5).jpg,.jpg,6545,39a10661ccba424cde7b6cbc114fdae3e028162a4a2b969605b850d877b70686
dataset4/train/nonulcer/images (50).jpg,train,nonulcer,images (50).jpg,.jpg,4488,7ecd392a03ecb69031cf654c9e89acd7579e0dd702b8deca657504909200c4a4
dataset4/train/nonulcer/images (51).jpg,train,nonulcer,images (51).jpg,.jpg,4935,43533d96981974df519e5b59d9abdc76a48cc610d816cdd5cc7c153ad5774d90
dataset4/train/nonulcer/images (52).jpg,train,nonulcer,images (52).jpg,.jpg,4665,34a582e36f1ce5d59fe966fa82ee7436410c3844596989f5ff9d6ea1f0dc85a0
dataset4/train/nonulcer/images (53).jpg,train,nonulcer,images (53).jpg,.jpg,4640,a9c8cb271e6e2fdf0d577fa21c570473f753f410734163d07d948d498492dee8
dataset4/train/nonulcer/images (55).jpg,train,nonulcer,images (55).jpg,.jpg,6528,0c25d2b765805d978c130a97c333494c1d8eaf66bc71aa8eb0dc408a1baf0a0f
dataset4/train/nonulcer/images (58).jpg,train,nonulcer,images (58).jpg,.jpg,8487,e38716f2a69de2a7788407275ef5b3115a491e2109db2dd3b4694b91f66091ad
dataset4/train/nonulcer/images (59).jpg,train,nonulcer,images (59).jpg,.jpg,6904,08d2310dd4bb872f8b5268a80ac9cad7d66c17bbc687af531f05a4a3f1f1ebd2
dataset4/train/nonulcer/images (6).jpg,train,nonulcer,images (6).jpg,.jpg,4997,669910bd273c97b1ef5edce75e09bf574dc9c1dafed3aa2fb11b5a6fcc7960f3
dataset4/train/nonulcer/images (60).jpg,train,nonulcer,images (60).jpg,.jpg,5838,27cc155216164d59d5a2b18ade3037d6af166391916afeb4faf65d8601870870
dataset4/train/nonulcer/images (61).jpg,train,nonulcer,images (61).jpg,.jpg,4020,8a4b56d635e7fc062c47d17ccca6ca0feb0445ab7df8a5797af97a1b30c52e49
dataset4/train/nonulcer/images (62).jpg,train,nonulcer,images (62).jpg,.jpg,5830,348ceabd3f21739dea4a4e12d4223cd30e40084cc7ac654918a27bb1c44dd555
dataset4/train/nonulcer/images (63).jpg,train,nonulcer,images (63).jpg,.jpg,8057,1d3f361e16a63b2a73d564329db4857ee94a1cbb9a66a4c5ef52540c1aa1b4d6
dataset4/train/nonulcer/images (64).jpg,train,nonulcer,images (64).jpg,.jpg,6655,397137aa8e170e96e4f1cc0de28573cc4cba5b00c94058a9f578fd4ee02a9729
dataset4/train/nonulcer/images (65).jpg,train,nonulcer,images (65).jpg,.jpg,3442,47fe16aabebb9aa1a974080744a24cf6392eee17bc2e358b69913c87756f517a
dataset4/train/nonulcer/images (66).jpg,train,nonulcer,images (66).jpg,.jpg,3394,33b28f647be22cc76ddc818f30860331f4efde79891c56e8944a15dcf58dfa4c
dataset4/train/nonulcer/images (67).jpg,train,nonulcer,images (67).jpg,.jpg,4284,f48883cdf6ee45173ab09a6732e95e36f825916e79314e144cbd7e3031b4f014
dataset4/train/nonulcer/images (68).jpg,train,nonulcer,images (68).jpg,.jpg,6528,0c25d2b765805d978c130a97c333494c1d8eaf66bc71aa8eb0dc408a1baf0a0f
dataset4/train/nonulcer/images (69).jpg,train,nonulcer,images (69).jpg,.jpg,7163,8a925f62eefe4487a727c0b157c0443e5f4057e9465d2e5a545478a9bc010ed4
dataset4/train/nonulcer/images (7).jpg,train,nonulcer,images (7).jpg,.jpg,7283,742a418bf14e6f5fe3c3d9b284bc2e28f6dbc8327a3257cba100cf2e72dfe61c
dataset4/train/nonulcer/images (70).jpg,train,nonulcer,images (70).jpg,.jpg,7163,8a925f62eefe4487a727c0b157c0443e5f4057e9465d2e5a545478a9bc010ed4
dataset4/train/nonulcer/images (71).jpg,train,nonulcer,images (71).jpg,.jpg,5935,3fc65cad566e9d3f71983e042143f15a44e2a03f94a39c1ee3d5aba03c9d2f32
dataset4/train/nonulcer/images (72).jpg,train,nonulcer,images (72).jpg,.jpg,5435,8bb337994f6f0b69867f0b7cffcf85feb6a752d1f277d860af3c569fe40026f3
dataset4/train/nonulcer/images (73).jpg,train,nonulcer,images (73).jpg,.jpg,4020,8a4b56d635e7fc062c47d17ccca6ca0feb0445ab7df8a5797af97a1b30c52e49
dataset4/train/nonulcer/images (74).jpg,train,nonulcer,images (74).jpg,.jpg,6219,261e5bd98e9b3501175d2dabb48c28947d8052b3dd57f1d01d97fe3c4f4b2508
dataset4/train/nonulcer/images (75).jpg,train,nonulcer,images (75).jpg,.jpg,6257,7e4a57a093ea392c768c9d32a1b3835adb8eb7046f4c30dee54af10876becb69
dataset4/train/nonulcer/images (76).jpg,train,nonulcer,images (76).jpg,.jpg,5093,5c710695cf48a448d8bb348ffba7bdf9d593d4f68fa7ca98938f370f2d63b451
dataset4/train/nonulcer/images (77).jpg,train,nonulcer,images (77).jpg,.jpg,4952,88ba7f45dc827c5663e060cf253131cdc0dd9858ff30d628bc80fe2ed7a18260
dataset4/train/nonulcer/images (78).jpg,train,nonulcer,images (78).jpg,.jpg,5545,ce2b72a4ea444f78278aa6fff55cf6779153bd16f9c8c5846ff1d1e27d09405c
dataset4/train/nonulcer/images (79).jpg,train,nonulcer,images (79).jpg,.jpg,8787,6664c6d22bfc463580cc45f0b9d4e6fc495e34ea9614caa67a1db0f5d0b24174
dataset4/train/nonulcer/images (8).jpg,train,nonulcer,images (8).jpg,.jpg,4987,ce875156dbe164a19b3e698fd299674f3bbaf449da7bd8305c207fe6ab57359f
dataset4/train/nonulcer/images (80).jpg,train,nonulcer,images (80).jpg,.jpg,4643,5fb436ce9d065c9d549b794c9efd626fdc768fa191fddba690c600c1fafbfcf0
dataset4/train/nonulcer/images (81).jpg,train,nonulcer,images (81).jpg,.jpg,5935,3fc65cad566e9d3f71983e042143f15a44e2a03f94a39c1ee3d5aba03c9d2f32
dataset4/train/nonulcer/images (82).jpg,train,nonulcer,images (82).jpg,.jpg,4749,db0af6b6c7681113db005c2f5905f66a2242946d282c4ab37714ec0c8fe565de
dataset4/train/nonulcer/images (83).jpg,train,nonulcer,images (83).jpg,.jpg,4038,334a61fac4b5ffc04b82c6507d303bbee7a5461432f3abdeedb8ceb406d3b8ac
dataset4/train/nonulcer/images (84).jpg,train,nonulcer,images (84).jpg,.jpg,4394,db269dbcf6f48ec7f3d8c1bea122d895ef0c59a145a6ae06a196d8a72255fdad
dataset4/train/nonulcer/images (85).jpg,train,nonulcer,images (85).jpg,.jpg,9724,bbe511d7d35be9ed63015d38ad8248cf966062823a16a13b439e63af9b6bdd93
dataset4/train/nonulcer/images (86).jpg,train,nonulcer,images (86).jpg,.jpg,4197,48472618ecb723d455d513dfee48e0e0303042e401a85a4722ea4e274cd5d4d0
dataset4/train/nonulcer/images (87).jpg,train,nonulcer,images (87).jpg,.jpg,7261,4499dfff797dfd67fd84192191b42fb943a018b3ad06aaa7d00eceb8ff8cef69
dataset4/train/nonulcer/images (88).jpg,train,nonulcer,images (88).jpg,.jpg,7175,3606f7b5c0529a5752b80c43d5419a2d0d3f4968b99ce9ef6aeb7eff21651849
dataset4/train/nonulcer/images (9).jpg,train,nonulcer,images (9).jpg,.jpg,5558,b2606aa9c0d66be09422f4b2abf750856c9c5192720bee3218669a32a13d2d90
dataset4/train/nonulcer/images (91).jpg,train,nonulcer,images (91).jpg,.jpg,5935,3fc65cad566e9d3f71983e042143f15a44e2a03f94a39c1ee3d5aba03c9d2f32
dataset4/train/nonulcer/images (99).jpg,train,nonulcer,images (99).jpg,.jpg,4593,dc4ae4d81ceb4cca67c03009111b50e9a300f0fdfe6f1ce3cabff556ff8354de
dataset4/train/nonulcer/images - 2019-12-16T120520.587.jpg,train,nonulcer,images - 2019-12-16T120520.587.jpg,.jpg,3617,9e5ecc671d62836b9b7718ea8170b43f932b68809f0b1f82631718780906b9dd
dataset4/train/nonulcer/images - 2019-12-16T120524.810.jpg,train,nonulcer,images - 2019-12-16T120524.810.jpg,.jpg,2881,080b6dc56b301a3bb3199d070687f59501990fa43928797793a6cd09c8f7286e
dataset4/train/nonulcer/images - 2019-12-16T120558.210.jpg,train,nonulcer,images - 2019-12-16T120558.210.jpg,.jpg,4116,ff8715dd679585969a59615be95a3f629fa4e3697770744971c53a8274aa53e7
dataset4/train/nonulcer/images - 2019-12-16T120709.185.jpg,train,nonulcer,images - 2019-12-16T120709.185.jpg,.jpg,7038,1bb45e25981197294c5c928ee6d940031fe5f7ee9dd18f4375ca4193b7209527
dataset4/train/nonulcer/images - 2019-12-16T120713.248.jpg,train,nonulcer,images - 2019-12-16T120713.248.jpg,.jpg,4505,dcc2909c6e9fedc4b2e5c2037c47086b8db93bb793eafd953f2aa74d3a1fe77e
dataset4/train/nonulcer/images - 2019-12-16T120720.127.jpg,train,nonulcer,images - 2019-12-16T120720.127.jpg,.jpg,6084,95acea49524544881b47dcfb26a2e1b2bbdf78e25d3a612792133fbb19bc1624
dataset4/train/nonulcer/images - 2019-12-16T120724.544.jpg,train,nonulcer,images - 2019-12-16T120724.544.jpg,.jpg,4755,b412abfa3b1d2c6f5761634fd5a1e83a272131aa2084fd45517d5373bf9b9876
dataset4/train/nonulcer/images - 2019-12-16T120728.545.jpg,train,nonulcer,images - 2019-12-16T120728.545.jpg,.jpg,4159,12046bbd6ba3f3a3bfa0b2e368e6c23b39c9e44496d745865ee36d22e58762c7
dataset4/train/nonulcer/images - 2019-12-16T120802.616.jpg,train,nonulcer,images - 2019-12-16T120802.616.jpg,.jpg,6977,46787f1ca484afd23b5465e40628dd9a125480bb7454fab8844736d10bf95d1b
dataset4/train/nonulcer/images - 2019-12-16T120807.693.jpg,train,nonulcer,images - 2019-12-16T120807.693.jpg,.jpg,5275,bf638a5eae7d33f099dfdb88ed72ed164813de6703657019be3a82e456a706cb
dataset4/train/nonulcer/images - 2019-12-16T120813.738.jpg,train,nonulcer,images - 2019-12-16T120813.738.jpg,.jpg,6481,1ccfdf945a0b1c956eac84b128db74d3a03f2742d1b183d75b597a35762f36c3
dataset4/train/nonulcer/images - 2019-12-16T120821.546.jpg,train,nonulcer,images - 2019-12-16T120821.546.jpg,.jpg,4069,b4e83fa21c01b660c31e4f32a61cd66f53671c0f8f5a369be70c0c8514bff58b
dataset4/train/nonulcer/images - 2019-12-16T120830.370.jpg,train,nonulcer,images - 2019-12-16T120830.370.jpg,.jpg,5408,5d2e78cd7b0c1c74ea2ea7a4e76c86c4db73cd17eefa041e82839fc016da4351
dataset4/train/nonulcer/images - 2019-12-16T120834.932.jpg,train,nonulcer,images - 2019-12-16T120834.932.jpg,.jpg,5431,38e929dfe52b9a68fc3eac6832b51757f186987533a20d39ac85a62f2858ea0e
dataset4/train/nonulcer/images - 2019-12-16T120841.202.jpg,train,nonulcer,images - 2019-12-16T120841.202.jpg,.jpg,7007,8b8ea012d244cd45531e1049ace6cb7bd557e86ac58f900a1be5cebdab7a0b41
dataset4/train/nonulcer/images - 2019-12-16T120846.658.jpg,train,nonulcer,images - 2019-12-16T120846.658.jpg,.jpg,5157,8f5430b58e0b838f5976a57a2855502c8421e3907014385b48ee490740fdfff1
dataset4/train/nonulcer/images - 2019-12-16T120850.388.jpg,train,nonulcer,images - 2019-12-16T120850.388.jpg,.jpg,5404,4c28408c5756e1296aca7406df79246514168062a3b006a1973b77d7795b6ee6
dataset4/train/nonulcer/images - 2019-12-16T120900.234.jpg,train,nonulcer,images - 2019-12-16T120900.234.jpg,.jpg,4461,88c17fbe0893742e21813dc187f88c8a45b28cd5b6bb4254e1f1d03cd3f87639
dataset4/train/nonulcer/images - 2019-12-16T120930.810.jpg,train,nonulcer,images - 2019-12-16T120930.810.jpg,.jpg,5775,c8ce62eddddca768352b8982ec3b1861b54d130121656ccb5226a7e2048a95ea
dataset4/train/nonulcer/images - 2019-12-16T120935.890.jpg,train,nonulcer,images - 2019-12-16T120935.890.jpg,.jpg,4367,79047f4c6138a1e2a99b1062a367a271c57392c571dcace6b9a7b3bfc2b6a706
dataset4/train/nonulcer/images - 2019-12-16T121038.547.jpg,train,nonulcer,images - 2019-12-16T121038.547.jpg,.jpg,4043,d5bf78a3b4039650dfe763c2663b6a8a8e96629b94fe230e9297e6d3442a50aa
dataset4/train/nonulcer/images - 2019-12-16T121042.878.jpg,train,nonulcer,images - 2019-12-16T121042.878.jpg,.jpg,4362,7702e7c0bb7a4b157b0f7a66143b9d79c02485a0c4c4cc546b7dcc58bf4b34b6
dataset4/train/nonulcer/images - 2019-12-16T121046.710.jpg,train,nonulcer,images - 2019-12-16T121046.710.jpg,.jpg,2928,826bfe74e21492d137466335eef31bc396aa9598a5a580d43ebb5ce9e77c7d63
dataset4/train/nonulcer/images - 2019-12-16T121052.466.jpg,train,nonulcer,images - 2019-12-16T121052.466.jpg,.jpg,7116,f11a114380ca94dfbdb2968d818e576e64fbf4f44c0e541b4281613f1f7d3c34
dataset4/train/nonulcer/images - 2019-12-16T122951.897.jpg,train,nonulcer,images - 2019-12-16T122951.897.jpg,.jpg,6540,00bb36f5da1ed3eb72578dc99171854aee069e2a1aee41f21d5f7a4151d86d09
dataset4/train/nonulcer/images - 2019-12-16T123016.800.jpg,train,nonulcer,images - 2019-12-16T123016.800.jpg,.jpg,4392,9a655a2241d13206249050d21ae28f2c84826be340ebcc35003bdb455dd3d4fe
dataset4/train/nonulcer/images - 2019-12-16T123030.265.jpg,train,nonulcer,images - 2019-12-16T123030.265.jpg,.jpg,4312,2b8d0f54680886a8f067b02556c98f2d1bc37507069ad5b8dea7ca2e76b0155a
dataset4/train/nonulcer/images - 2019-12-16T123035.951.jpg,train,nonulcer,images - 2019-12-16T123035.951.jpg,.jpg,5591,532d7abdbd9b102d0c17465250a3deefa7739e062841227524c3794bfdf08505
dataset4/train/nonulcer/images - 2019-12-16T123231.385.jpg,train,nonulcer,images - 2019-12-16T123231.385.jpg,.jpg,9552,f9d8a2b54a181740a64a8aabf9371e557d40b6ceca5e2c1ae8b942d58e30ee2b
dataset4/train/nonulcer/images - 2019-12-16T123237.761.jpg,train,nonulcer,images - 2019-12-16T123237.761.jpg,.jpg,3524,747f55730f1205dd9c369eb6d5a7a4a971e1e3745ababa4a01abc3964fd270df
dataset4/train/nonulcer/images - 2019-12-16T123242.154.jpg,train,nonulcer,images - 2019-12-16T123242.154.jpg,.jpg,4320,8c33d95d84d8c9ebd90e74968b3029c0f5f78bf9be53b340b2c977a42ac076a0
dataset4/train/nonulcer/images - 2019-12-16T123246.312.jpg,train,nonulcer,images - 2019-12-16T123246.312.jpg,.jpg,6793,a7732e77670cf18aff3adf21fb96cb4652b71489b215dd59f95f5e229ff621c9
dataset4/train/nonulcer/images - 2019-12-16T123255.419.jpg,train,nonulcer,images - 2019-12-16T123255.419.jpg,.jpg,4320,8c33d95d84d8c9ebd90e74968b3029c0f5f78bf9be53b340b2c977a42ac076a0
dataset4/train/nonulcer/images - 2019-12-16T123342.992.jpg,train,nonulcer,images - 2019-12-16T123342.992.jpg,.jpg,4505,dcc2909c6e9fedc4b2e5c2037c47086b8db93bb793eafd953f2aa74d3a1fe77e
dataset4/train/nonulcer/images - 2019-12-16T123347.355.jpg,train,nonulcer,images - 2019-12-16T123347.355.jpg,.jpg,5942,454e0383af4c28fa0512abefcd55ad6e72b43c41a1517d50949d2f15bdc690d8
dataset4/train/nonulcer/images - 2019-12-16T123353.296.jpg,train,nonulcer,images - 2019-12-16T123353.296.jpg,.jpg,4159,12046bbd6ba3f3a3bfa0b2e368e6c23b39c9e44496d745865ee36d22e58762c7
dataset4/train/nonulcer/images - 2019-12-16T123357.079.jpg,train,nonulcer,images - 2019-12-16T123357.079.jpg,.jpg,6084,95acea49524544881b47dcfb26a2e1b2bbdf78e25d3a612792133fbb19bc1624
dataset4/train/nonulcer/images - 2019-12-16T123425.443.jpg,train,nonulcer,images - 2019-12-16T123425.443.jpg,.jpg,6977,46787f1ca484afd23b5465e40628dd9a125480bb7454fab8844736d10bf95d1b
dataset4/train/nonulcer/images - 2019-12-16T123446.241.jpg,train,nonulcer,images - 2019-12-16T123446.241.jpg,.jpg,6402,217edaa92ec52e5fcfbb51104b3a49f022f5aa595cd5b7219984397f5fec0269
dataset4/train/nonulcer/images - 2019-12-16T123518.480.jpg,train,nonulcer,images - 2019-12-16T123518.480.jpg,.jpg,6107,76826bdca4d6bf5ed2e8eb59c201f904caf790707cbb52fbd7780dfa05507a73
dataset4/train/nonulcer/images - 2019-12-16T123615.474.jpg,train,nonulcer,images - 2019-12-16T123615.474.jpg,.jpg,5370,3f2ae4e5c7b6da263d435a83e9d579b8d9704dc3a253e77b6c2a60b1455650e6
dataset4/train/nonulcer/images - 2019-12-16T123623.809.jpg,train,nonulcer,images - 2019-12-16T123623.809.jpg,.jpg,4581,b3cc8bed674c8c1218e1bbf575e2e40f4bd6c861fdade7d991bfade8104d4ed7
dataset4/train/nonulcer/images - 2019-12-16T123632.177.jpg,train,nonulcer,images - 2019-12-16T123632.177.jpg,.jpg,4537,c2e7f2921f991f04d137bc1317a081e70d3e8dcc27ffc5fccf1c6808c002ff45
dataset4/train/nonulcer/images - 2019-12-16T123656.377.jpg,train,nonulcer,images - 2019-12-16T123656.377.jpg,.jpg,5861,9f463ad265b79991c0389ba1da8787303d43a7c23f92b2d9753066d9ad5a474c
dataset4/train/nonulcer/images - 2019-12-16T123953.902.jpg,train,nonulcer,images - 2019-12-16T123953.902.jpg,.jpg,4342,9e2513eaca2d39649e3f170d04ae2bcb3cd51ac86d5a685a7fa9826092fdf562
dataset4/train/nonulcer/images - 2019-12-16T124114.785.jpg,train,nonulcer,images - 2019-12-16T124114.785.jpg,.jpg,5195,1c4bae6b8d775a7598b32e0d443b345c751efd77e869186e45e1faf2352cb257
dataset4/train/nonulcer/images - 2019-12-16T124137.821.jpg,train,nonulcer,images - 2019-12-16T124137.821.jpg,.jpg,4532,324084a04cc431e56fdb2393dc73f44c224a59397f5a0b5e41a089d7bac9d29b
dataset4/train/nonulcer/images - 2019-12-16T124142.700.jpg,train,nonulcer,images - 2019-12-16T124142.700.jpg,.jpg,4781,2cca6824b6011f6113538ef959a97e86bf403050bc194c9eadb04fc7ef29fc43
dataset4/train/nonulcer/images - 2019-12-16T124153.732.jpg,train,nonulcer,images - 2019-12-16T124153.732.jpg,.jpg,4353,526e08c358174f87b32687526b38fa373ca7d736b35efa5e087b468609ee8abe
dataset4/train/nonulcer/images - 2019-12-16T124232.332.jpg,train,nonulcer,images - 2019-12-16T124232.332.jpg,.jpg,4734,7cbd0add3b31952f387ab9663bef74b5fb8c3dec6ac4aac8c048e7a80f09df39
dataset4/train/nonulcer/images - 2019-12-16T124253.884.jpg,train,nonulcer,images - 2019-12-16T124253.884.jpg,.jpg,5782,5add8f3a2dde3b28fb57be662f84289c6d52597d75a0a77bfab42dafdb3f0c8e
dataset4/train/nonulcer/images - 2019-12-16T124320.491.jpg,train,nonulcer,images - 2019-12-16T124320.491.jpg,.jpg,4448,096c0aa33484ca36e275843e99fc8f3ec8478b4afc56dbe684044f2a1259cb67
dataset4/train/nonulcer/images - 2019-12-16T124400.059.jpg,train,nonulcer,images - 2019-12-16T124400.059.jpg,.jpg,4486,cf8d44bc56ab1df0fe60eb6c1885a4bec99063724ffd4757f28792d4cf7276e4
dataset4/train/nonulcer/images - 2019-12-16T124424.077.jpg,train,nonulcer,images - 2019-12-16T124424.077.jpg,.jpg,5554,66e45051f0f4e9cd566ca7cd9f5fac9c2487b91b009d640064998df577234617
dataset4/train/nonulcer/images - 2019-12-16T124440.526.jpg,train,nonulcer,images - 2019-12-16T124440.526.jpg,.jpg,4567,7483f978d6e1ad2f68cbf1ba8ac1491aeea16786caad6a436983034c42b7a241
dataset4/train/nonulcer/images - 2019-12-16T124527.958.jpg,train,nonulcer,images - 2019-12-16T124527.958.jpg,.jpg,5744,6519fbcc661431462a84e79d4657c2a7dd252b5fef5ea7cb695ef29cf18c6aeb
dataset4/train/nonulcer/images - 2019-12-16T124540.337.jpg,train,nonulcer,images - 2019-12-16T124540.337.jpg,.jpg,5040,deaaf4e0c9532edc669f6b6ec5205066ef47d1cf8e4dd17e005bdee229f5f544
dataset4/train/nonulcer/images - 2019-12-16T124727.991.jpg,train,nonulcer,images - 2019-12-16T124727.991.jpg,.jpg,6481,1ccfdf945a0b1c956eac84b128db74d3a03f2742d1b183d75b597a35762f36c3
dataset4/train/nonulcer/images - 2019-12-16T124800.265.jpg,train,nonulcer,images - 2019-12-16T124800.265.jpg,.jpg,4294,8cc8d902341fe767f413a6e9e03479406fb9d84f9289621fb67bfc760941fa5f
dataset4/train/nonulcer/images - 2019-12-16T124804.329.jpg,train,nonulcer,images - 2019-12-16T124804.329.jpg,.jpg,7559,d29d7b0b1615583e15178b20b579daf3ce3cb6ae08d04bd21cf5c00e209df790
dataset4/train/nonulcer/images - 2019-12-16T124931.379.jpg,train,nonulcer,images - 2019-12-16T124931.379.jpg,.jpg,4830,3f47a10cd7bad01585395cae63083c6e41637324592f7d8d43729b8e6de31a63
dataset4/train/nonulcer/images - 2019-12-16T124937.657.jpg,train,nonulcer,images - 2019-12-16T124937.657.jpg,.jpg,5259,1a973dbbc6d85dc5d3cadb04ae9464fc8e4ab7a0a07a84e92dcde8f09fa2349d
dataset4/train/nonulcer/images - 2019-12-16T124950.649.jpg,train,nonulcer,images - 2019-12-16T124950.649.jpg,.jpg,5744,6519fbcc661431462a84e79d4657c2a7dd252b5fef5ea7cb695ef29cf18c6aeb
dataset4/train/nonulcer/images - 2019-12-16T125013.681.jpg,train,nonulcer,images - 2019-12-16T125013.681.jpg,.jpg,4310,d99fdcf6d3a5375b2c7218ff094ee6b308bc6bb1811150599eed5d12fab63ae3
dataset4/train/nonulcer/images - 2019-12-16T125620.457.jpg,train,nonulcer,images - 2019-12-16T125620.457.jpg,.jpg,5258,4a9d0f370f0fecbda9b853b0f05e5e58ac46294869c413491cdb42fc0f1459a9
dataset4/train/nonulcer/images - 2019-12-16T125711.291.jpg,train,nonulcer,images - 2019-12-16T125711.291.jpg,.jpg,5744,6519fbcc661431462a84e79d4657c2a7dd252b5fef5ea7cb695ef29cf18c6aeb
dataset4/train/nonulcer/images - 2019-12-16T125716.906.jpg,train,nonulcer,images - 2019-12-16T125716.906.jpg,.jpg,4953,68f60574c48209dc75668b163090fab3f45091085b58d4840b5722c1516e7ab1
dataset4/train/nonulcer/images - 2019-12-16T125736.490.jpg,train,nonulcer,images - 2019-12-16T125736.490.jpg,.jpg,5408,5d2e78cd7b0c1c74ea2ea7a4e76c86c4db73cd17eefa041e82839fc016da4351
dataset4/train/nonulcer/images - 2019-12-16T125743.649.jpg,train,nonulcer,images - 2019-12-16T125743.649.jpg,.jpg,5404,4c28408c5756e1296aca7406df79246514168062a3b006a1973b77d7795b6ee6
dataset4/train/nonulcer/images - 2019-12-16T125830.456.jpg,train,nonulcer,images - 2019-12-16T125830.456.jpg,.jpg,6982,44718cab4fa29bfcf8cf5948203c9be7afe08ae6a3cc8cda6b961493a16a7282
dataset4/train/nonulcer/images - 2019-12-16T125941.547.jpg,train,nonulcer,images - 2019-12-16T125941.547.jpg,.jpg,4835,032ec610985b95e047b4510e8b9940c24be599a8d3aedb6320eda286fe343c24
dataset4/train/nonulcer/images.jpg,train,nonulcer,images.jpg,.jpg,5899,3aff9e419926686a222e15b80ca60b00ed83425c9e4189b9043dd947d9904929
dataset4/train/nonulcer/infected-wound-diabetes-foot-medical-260nw-1020353164.webp,train,nonulcer,infected-wound-diabetes-foot-medical-260nw-1020353164.webp,.webp,22870,61d7dc183babb360c0dba8132fe3568a1800efb5776bb0d6cc5b044330833393
dataset4/train/nonulcer/infected-wound-diabetic-foot-260nw-176653277.webp,train,nonulcer,infected-wound-diabetic-foot-260nw-176653277.webp,.webp,10892,630001fb346370dc6544a03a8e452c57fc8f70cfa2dbe43ecd8e9dfd036ad952
dataset4/train/nonulcer/infected-wound-of-diabetic-foot-W3NEH1.jpg,train,nonulcer,infected-wound-of-diabetic-foot-W3NEH1.jpg,.jpg,100153,34f3d9cbf7c160aa63bfe36764b28fcd13a7ff9b6ac49e4739c79394ef4e4d48
dataset4/train/nonulcer/infection-wound-foot-260nw-456594088.webp,train,nonulcer,infection-wound-foot-260nw-456594088.webp,.webp,9638,9591cd8cbbda8113e55cf2acf0e323b2705925f656ee71584dba2e5a85ad63e7
dataset4/train/nonulcer/isc-ulc1.jpg,train,nonulcer,isc-ulc1.jpg,.jpg,44989,b6781d540ffef1226f902252b31841445427e363370971281b391f7b78bcd455
dataset4/train/nonulcer/m5_01.jpg,train,nonulcer,m5_01.jpg,.jpg,30384,6a863317ead12ba57b0a9295a8d652f27ec6866ad6f448ec3f14bc995cab8550
dataset4/train/ulcer/1.jpg,train,ulcer,1.jpg,.jpg,20493,7bae20b705e3bf91a80259dce75172ccf791bd1d88c6addf1704a066c7bcf19a
dataset4/train/ulcer/10.jpg,train,ulcer,10.jpg,.jpg,27669,b1dd7760ce9a6b5f3abb72d11d5ac1e82f972825935438f6f0de997210d49f2b
dataset4/train/ulcer/100.jpg,train,ulcer,100.jpg,.jpg,33768,62dab0b2510245287f2e5241d07d3fefce64faec37a67d954d99c76cf5b503b0
dataset4/train/ulcer/101.jpg,train,ulcer,101.jpg,.jpg,35640,2a9b58104721856ae95a23b6a725c81ec5f7bd6e1bd520d5c8d0acc7d8afddb6
dataset4/train/ulcer/102.jpg,train,ulcer,102.jpg,.jpg,31313,9275097a391013ec02490ea56f84c74ac0524a9cd59ea438592ac3ae24d5fa85
dataset4/train/ulcer/103.jpg,train,ulcer,103.jpg,.jpg,31450,d1174d6e7a68561b6498c87bbe55812e09b36a5305d262e43bf5e2635cb1facc
dataset4/train/ulcer/104.jpg,train,ulcer,104.jpg,.jpg,30802,97b8b98e0083271a2463d6916af3cd917652afd947c0f146df92fa97e4e33108
dataset4/train/ulcer/105.jpg,train,ulcer,105.jpg,.jpg,33048,cf6e9354f9e147ded4316ef94b323f18ba3aa153f300e4040a73fb03db5b9357
dataset4/train/ulcer/106.jpg,train,ulcer,106.jpg,.jpg,29401,2ad88aae38bbcda92db66475ba5b3f1641a13909985d20a79548726515379062
dataset4/train/ulcer/107.jpg,train,ulcer,107.jpg,.jpg,26982,31a565cf6ff98b3337d1e52adac9e452a0fa967e345a25dac7bfa01927e39413
dataset4/train/ulcer/108.jpg,train,ulcer,108.jpg,.jpg,41799,abfb11f9d482098f320edc6a14150ee12624e29f08a463408f9b7ee497d6b886
dataset4/train/ulcer/109.jpg,train,ulcer,109.jpg,.jpg,45516,6a02a4d13346a01a314ad2aa2487547e26afce370274064939227c3c39a06948
dataset4/train/ulcer/11.jpg,train,ulcer,11.jpg,.jpg,35203,815657edbbcbed63475f72e2f3d1d7e4351474c204457327f5cef8c10a3b9962
dataset4/train/ulcer/110.jpg,train,ulcer,110.jpg,.jpg,45312,dc2958c1fe86279feca738d2cee80fcdc471c144e362835c7c4d98f485531392
dataset4/train/ulcer/111.jpg,train,ulcer,111.jpg,.jpg,45523,9e6b5fedbfa5b7ca9af446a9ce3d09a45441344c2eae008fce32df4f49f3e97a
dataset4/train/ulcer/112.jpg,train,ulcer,112.jpg,.jpg,45734,a9e17d05ec8093352cd45449b347e1a6221e1d8776169fb7df62032ff63c11eb
dataset4/train/ulcer/113.jpg,train,ulcer,113.jpg,.jpg,43489,c9158a3389f99e8911255b3d06d0cc27beceba4d04da5786959b2dd8635b0415
dataset4/train/ulcer/114.jpg,train,ulcer,114.jpg,.jpg,44228,c1f2108fc653b94aaaf119b5036e1e917f8847aceca83032f961d93348ddc946
dataset4/train/ulcer/115.jpg,train,ulcer,115.jpg,.jpg,44309,dc810ad8772c8523877add47df9e20f891afa5cf34024f8a69051de012d1d262
dataset4/train/ulcer/116.jpg,train,ulcer,116.jpg,.jpg,43697,c034ca312a3fedb7f6c1b4e5a0d5bfff0e8c08862cd7ace90951d481239e1c27
dataset4/train/ulcer/117.jpg,train,ulcer,117.jpg,.jpg,43826,a55bfcdc3dcd0d8e796582974c5dd18d04ba9ff30e0d8a3f11d87a8fa237a2c4
dataset4/train/ulcer/118.jpg,train,ulcer,118.jpg,.jpg,42507,f28446fa0081d4f90799c854185bd334afa58a7738414108bddbd55439189554
dataset4/train/ulcer/119.jpg,train,ulcer,119.jpg,.jpg,38954,e0435871188bee43fcc97fa25a850d74ad4fafb15777ea64612d5282075443fe
dataset4/train/ulcer/12.jpg,train,ulcer,12.jpg,.jpg,24387,397e9a22ee7f5660188f2f398f5363b00169321d4392a59d0901ea1da3f1cfab
dataset4/train/ulcer/120.jpg,train,ulcer,120.jpg,.jpg,45091,3a8149713bb21d73ef5a9be284161223e63a16708e62cb54a0fdecc0557c3cfd
dataset4/train/ulcer/121.jpg,train,ulcer,121.jpg,.jpg,20499,cf6be1b053ca0a6f24fcd0ad8b73401f8d98dcc3a8faaecac812d33833117547
dataset4/train/ulcer/122.jpg,train,ulcer,122.jpg,.jpg,17620,e71fa8c8f449be0a5f5b13a1092e99fdd51ae4621b7158292946c0f892dc63cc
dataset4/train/ulcer/123.jpg,train,ulcer,123.jpg,.jpg,17509,1976d4585d970cca7904a8de9450b23d58e706ba65f9f724275f5fe4ce39b5fa
dataset4/train/ulcer/124.jpg,train,ulcer,124.jpg,.jpg,25375,12916c0230e1dcd4b2d9998d339f4270d94c810aa1d2396a9e88f3cbaa195798
dataset4/train/ulcer/125.jpg,train,ulcer,125.jpg,.jpg,15604,9e6870f0d82bf596ddc3477f0d91ec87f732895aae86a8649c32efdd1a720d90
dataset4/train/ulcer/126.jpg,train,ulcer,126.jpg,.jpg,25552,c6e51b146141dbf548317f865b3459dd1986128449188d9dcf3b5478e085f5e0
dataset4/train/ulcer/13.jpg,train,ulcer,13.jpg,.jpg,35689,07ace87e5558b2c53207b524b98312d7db7ab519bc956a5715b639476477804c
dataset4/train/ulcer/131.jpg,train,ulcer,131.jpg,.jpg,23706,635e8be1f752d7dff8c178a2982781e548a361b7d20a4898f38c38537d6fd4cc
dataset4/train/ulcer/132.jpg,train,ulcer,132.jpg,.jpg,17591,f0692fb99d61c9b9e8c426d269743f312138bf3faa1901e799d4325639909028
dataset4/train/ulcer/133.jpg,train,ulcer,133.jpg,.jpg,20604,3d463ef036d3b465cf43fd31e5c52e30201dc07d287252b6a9c56b4d0ec0ffe1
dataset4/train/ulcer/134.jpg,train,ulcer,134.jpg,.jpg,20932,6d5d6c13b593ecdd8b896fd3f06ae6f19df2b7a2a9b58643b2a90d03a22d22b6
dataset4/train/ulcer/135.jpg,train,ulcer,135.jpg,.jpg,19922,fbbaac45138f7af77c516fb1b93811dc4d637e0e01dabe570e3b3a6f823e1212
dataset4/train/ulcer/136.jpg,train,ulcer,136.jpg,.jpg,14703,9b3059bf0f01d6f66c8d334d9379a89c70135f5b6b20bfaaff78542a1d400f4d
dataset4/train/ulcer/137.jpg,train,ulcer,137.jpg,.jpg,29957,9114f8783d0a509eb1edb4ecd8a4354cb24756a4ebc79641663172723a17d279
dataset4/train/ulcer/138.jpg,train,ulcer,138.jpg,.jpg,18312,ab96e8f37042bd4e898ee3c277244b0a7bd07642d041fbb350d1f6d74d5afb3e
dataset4/train/ulcer/14.jpg,train,ulcer,14.jpg,.jpg,15842,db9ff81612b590867c0794a2464f266379654c8c265442383441194bbdfb168b
dataset4/train/ulcer/143.jpg,train,ulcer,143.jpg,.jpg,14920,0cb7df7d395bd61cddc8aa0c8df3ec5dc72d00cb8cf65e8c42d7f0573000d9cd
dataset4/train/ulcer/144.jpg,train,ulcer,144.jpg,.jpg,15971,d35bb4981cfae1cf28b67a41189e5d1c445128c6bd963e5d37b15c96460d78e8
dataset4/train/ulcer/145.jpg,train,ulcer,145.jpg,.jpg,12945,2fe09ead24167c56cb9166b7974e16b9d07cd978001987ad4a2ee08cc9bbba56
dataset4/train/ulcer/146.jpg,train,ulcer,146.jpg,.jpg,22349,56b940a0ad202bd03da38d75fda7821ce1e5a98878788b5162d6f6e8bfc117de
dataset4/train/ulcer/147.jpg,train,ulcer,147.jpg,.jpg,24191,ddddff052397058c551c910ffbe47887520c1f8c9af851a0866ba3fb0a697295
dataset4/train/ulcer/148.jpg,train,ulcer,148.jpg,.jpg,16365,24d48a43604688970f7e3d449df46ef3a15a2c43eeba7286d8d040640b766d70
dataset4/train/ulcer/149.jpg,train,ulcer,149.jpg,.jpg,20460,5a753501cfc415c7d8324ec6316d6f918f7f5e94dbf63719e2dfbee4cc7c93f0
dataset4/train/ulcer/15.jpg,train,ulcer,15.jpg,.jpg,15353,8fee8ac4aae6d1c73fa8edabc992e8df9335433e732882b091d6f3ea81aab3fc
dataset4/train/ulcer/150.jpg,train,ulcer,150.jpg,.jpg,13165,36252d0dc7ca06f50c6904d031d5ee37ee3827064adb285423531890506a00ca
dataset4/train/ulcer/155.jpg,train,ulcer,155.jpg,.jpg,15318,4714741b542687d2c2ce25558fefc5023510b1f9f7ae8b2077c12a56195839cb
dataset4/train/ulcer/156.jpg,train,ulcer,156.jpg,.jpg,18946,a561c5d54b443b2605865311ef03752b9cd760754b243f77a8a0ee2946dc8ed7
dataset4/train/ulcer/157.jpg,train,ulcer,157.jpg,.jpg,28040,98298eaf5d9b766e1fa606ae6d6eb1a91353dfb60f0309938ef20e858a8b53e7
dataset4/train/ulcer/158.jpg,train,ulcer,158.jpg,.jpg,27366,d0ea807a6f10360a4815e4eeec65dfd43be7653b587bd98f2719ec9d0af31aee
dataset4/train/ulcer/159.jpg,train,ulcer,159.jpg,.jpg,27752,a5b036886003ed7b2896159ab1b81c45343826c94ae01e9fe8ea71b1f222d8e5
dataset4/train/ulcer/16.jpg,train,ulcer,16.jpg,.jpg,12947,05aa274c1c80d0e1933797622f728bd08674529ae9e458bc79774ffa4be16472
dataset4/train/ulcer/160.jpg,train,ulcer,160.jpg,.jpg,31361,e72b5b984ead899758706d1eb9761e63895e4a9a8c7d740f3fa3d9895c110d06
dataset4/train/ulcer/161.jpg,train,ulcer,161.jpg,.jpg,20153,1c1eb7f1fab35ef30531246017a047dac7563eebc72676a80efc41c3fa2feb96
dataset4/train/ulcer/162.jpg,train,ulcer,162.jpg,.jpg,20716,f3b3f540c47654187dc950293fd99e9c0f044d7960a404692a039b01de0c4734
dataset4/train/ulcer/163.jpg,train,ulcer,163.jpg,.jpg,15967,d642b6fc8c3df7be4090bbf6b6df5e2a9b609e798cbce0768416b3a4a8a85b33
dataset4/train/ulcer/164.jpg,train,ulcer,164.jpg,.jpg,18917,e2e01d2184043840877049656eded233bee5465a4df3e45fe225649bdd754c4e
dataset4/train/ulcer/165.jpg,train,ulcer,165.jpg,.jpg,16587,2e7b191ec5c2b33bbbf787173dec025a79f4daa81c77a40d5d734f516ac97cfb
dataset4/train/ulcer/166.jpg,train,ulcer,166.jpg,.jpg,24504,c233cdbf35ec14435fdcfa065233118d2967c9e8ea85f242e949aadc58b92f8a
dataset4/train/ulcer/167.jpg,train,ulcer,167.jpg,.jpg,16609,ca2cbc01828541c07341cd0b9af0f112de716ebcc2c5adac3e894280311e5ef1
dataset4/train/ulcer/168.jpg,train,ulcer,168.jpg,.jpg,15973,17e1e9e6a1b48767315c4f4ebc45ece7013150ab77e43599c5ad40679263cf5b
dataset4/train/ulcer/169.jpg,train,ulcer,169.jpg,.jpg,16238,eedef7414f212c9ddceb042ea336cc50c65486de5e13f66a1540e0a1d3a94511
dataset4/train/ulcer/170.jpg,train,ulcer,170.jpg,.jpg,15676,9bc720de1e511f68d9314233d74705011753541269dc36d2bd2e0da9b0f00ddb
dataset4/train/ulcer/171.jpg,train,ulcer,171.jpg,.jpg,15409,7e675404bd7678a53e16f88156062cd8347345b2a300d0f330572aa200ccac52
dataset4/train/ulcer/172.jpg,train,ulcer,172.jpg,.jpg,20403,847a5a0559ea95d310017ef1d3b29eadf7c50136bc857a8c5badf17bb7d87723
dataset4/train/ulcer/173.jpg,train,ulcer,173.jpg,.jpg,19592,9b8bcbf5800961ab338fc4fa0c6872d5ae20e0f35cbbd101594bc31134a42c0e
dataset4/train/ulcer/174.jpg,train,ulcer,174.jpg,.jpg,22990,fb519e08a16a8927e79ecb47a98611886d3a7c42d12081bc1a26626f9f0ca9a8
dataset4/train/ulcer/175.jpg,train,ulcer,175.jpg,.jpg,24300,084dd87bd191d3ea044eb62ceda27926c1b717220fb22591059c856580fb3d05
dataset4/train/ulcer/176.jpg,train,ulcer,176.jpg,.jpg,20439,11dc359dd0bd875cc448ef5929383fb0b76c39652a3a375e71c564356f39a25e
dataset4/train/ulcer/177.jpg,train,ulcer,177.jpg,.jpg,18472,d3d63fa5e6bca5abb540be9eeb79ca391150013f8a3f9aaedafda0a20250af3a
dataset4/train/ulcer/178.jpg,train,ulcer,178.jpg,.jpg,22639,7ef27e516cdf5b1d2de59b12d955b8ea100412f6c9723e06d38884febc392b0d
dataset4/train/ulcer/179.jpg,train,ulcer,179.jpg,.jpg,22394,80f8646c226da48e14efb190902856d6fe4c750f81d1ee3db1853b6d3cfb5747
dataset4/train/ulcer/180.jpg,train,ulcer,180.jpg,.jpg,21733,4a2a2bc5bd9fb58f125a474fd13d252e4c47b0949746a16b1d261f3104c1a373
dataset4/train/ulcer/181.jpg,train,ulcer,181.jpg,.jpg,24474,65505bc3aa6cbfc7b9907995822163fc9b078d3c4aa108cee265e84c8cb27ac1
dataset4/train/ulcer/182.jpg,train,ulcer,182.jpg,.jpg,25759,85c841eae02b7e674bf012bfba58532b57a917514afb0545081082d5fa1b9947
dataset4/train/ulcer/183.jpg,train,ulcer,183.jpg,.jpg,19792,2df60f2cea8b7b5f83ac6050a61612465258fe7232168ac80af9e8161d43603b
dataset4/train/ulcer/184.jpg,train,ulcer,184.jpg,.jpg,16118,008b0f5b5ac032b36f2ec6933537f3d9dda82dbc3998fd6d532db3e1f6a73646
dataset4/train/ulcer/185.jpg,train,ulcer,185.jpg,.jpg,24493,89578fd2b1124766878ba87bf8baa29b43346647dc6bdeaa5497b931c7dac872
dataset4/train/ulcer/186.jpg,train,ulcer,186.jpg,.jpg,22799,200731109af3347045ebd33b8d78720d87bc4e43d67992690a320bbd432c73f0
dataset4/train/ulcer/187.jpg,train,ulcer,187.jpg,.jpg,19610,88345b818530039d0803db8c835ef0ab65dfcc32a197355107a5da90439160e8
dataset4/train/ulcer/188.jpg,train,ulcer,188.jpg,.jpg,23012,4fce054079272f899410bcbc2f03dce6e897b2b60fde9675940c4afad5a5a2e8
dataset4/train/ulcer/189.jpg,train,ulcer,189.jpg,.jpg,16354,8dc7d439e2c020ff6904b62ec035f5ee5d6730640af743c107a624e8b275918c
dataset4/train/ulcer/190.jpg,train,ulcer,190.jpg,.jpg,17464,ea2437f158ae52dc2f82154760194b0dc2ac4b14cbae6a25523ebd87d7dca511
dataset4/train/ulcer/191.jpg,train,ulcer,191.jpg,.jpg,19311,b09a21963135cf038a53476a08a06d76b0bbd876f250227775c618450008882e
dataset4/train/ulcer/192.jpg,train,ulcer,192.jpg,.jpg,15181,b96ef24e1460b741e15b165d19063b9c81503452cfced2cbd231d11baf9ed2cc
dataset4/train/ulcer/193.jpg,train,ulcer,193.jpg,.jpg,12698,1b0fbe6b1df9e6f30a7375cd9993cd1736354669f35913b754e3782bb46ba158
dataset4/train/ulcer/194.jpg,train,ulcer,194.jpg,.jpg,17363,ade6320fdb9ed7a4060bc257d9c7be5f034c3cce4fc159d357e5111d37a2f24e
dataset4/train/ulcer/195.jpg,train,ulcer,195.jpg,.jpg,22321,65c8768b7a3b8c424502ef170bccfb52def6f50140c37be8d02c6dd4151cc28f
dataset4/train/ulcer/196.jpg,train,ulcer,196.jpg,.jpg,22526,0c70c3e8e5793dbebd40e20488d7ea8fc1d55be1103cfdb089dc98e09fb4935e
dataset4/train/ulcer/197.jpg,train,ulcer,197.jpg,.jpg,21923,c775ccb92d5807a3702fb91a8a3ecd40a6ca474dfc0e24438089dbd60dbb60ce
dataset4/train/ulcer/198.jpg,train,ulcer,198.jpg,.jpg,25571,7e9d4c4a80aa568686de65c7cbd3342a87eed70b7f24814eca9fb0f5b8c05006
dataset4/train/ulcer/2.jpg,train,ulcer,2.jpg,.jpg,24531,1613f3eef9aef08cb8ce646a86da47d07e4a0810ebc2e23a9ebfcc02fdd50680
dataset4/train/ulcer/200.jpg,train,ulcer,200.jpg,.jpg,21206,37b9f4f354bd1355bdf7b65111c03b885db56bd30542834ac983ae4d554d14f7
dataset4/train/ulcer/201.jpg,train,ulcer,201.jpg,.jpg,26298,c165993aea285d2806f7624fd1740888310fbef5769de49473c10bdb30c5b987
dataset4/train/ulcer/202.jpg,train,ulcer,202.jpg,.jpg,28297,86775645674fa2df3b0c048e06ee275dc53bffc7c13661a8825a3b6a36d3ff7c
dataset4/train/ulcer/203.jpg,train,ulcer,203.jpg,.jpg,25588,5f0a93298100cc2708be0675d36520616bf26bc330ae1c3bf073a17987878c7c
dataset4/train/ulcer/204.jpg,train,ulcer,204.jpg,.jpg,18231,b4ce6f73f5ae09843e5ffee71e4f0f9b5bfffd5a284afc7f8cc7d67458086da6
dataset4/train/ulcer/205.jpg,train,ulcer,205.jpg,.jpg,19355,d09fc2ed83a663e6d9aab1791d3890f4abfb8b31b6a8141cbe3db181ff35ed1c
dataset4/train/ulcer/206.jpg,train,ulcer,206.jpg,.jpg,20736,88983e6563ee16523f9e2e3b75d0e0f98dc8bd1e01a6e923409fb20943f28d60
dataset4/train/ulcer/207.jpg,train,ulcer,207.jpg,.jpg,18310,8ed25edcef6e5a17c3aa88705fc7a7bbe6111d7ab9e630f91259eaf2e21c27b9
dataset4/train/ulcer/208.jpg,train,ulcer,208.jpg,.jpg,18657,cdb65080def82db937645bac4fd0ae68ef004e21a5862dd803b876a6f073d076
dataset4/train/ulcer/209.jpg,train,ulcer,209.jpg,.jpg,26819,ac7d0ee308d5d5d8b2fbe327451236c00562a6201baa15928da1e5c2fda63244
dataset4/train/ulcer/21.jpg,train,ulcer,21.jpg,.jpg,22649,1a17d4582603c194082226459d011808ee8f267bddb544601e9930128ccb440f
dataset4/train/ulcer/210.jpg,train,ulcer,210.jpg,.jpg,26922,f473089f048e021f5fbc33c18e415c71be5e73f47a07c7853f88501087eae661
dataset4/train/ulcer/211.jpg,train,ulcer,211.jpg,.jpg,25472,d2bbd2558c3f3d66ba3b9ca1aa58026b64c3d5311758962013fd12d0926ecfcd
dataset4/train/ulcer/212.jpg,train,ulcer,212.jpg,.jpg,26645,db49ae14e7343d6838e99ed44f136db54ebff09cecf6e087f6c64b1dd830e628
dataset4/train/ulcer/213.jpg,train,ulcer,213.jpg,.jpg,19203,80d91ee01cdc13cf87d3c8db71b08a7085a685f7800507587c1238dd3924d160
dataset4/train/ulcer/214.jpg,train,ulcer,214.jpg,.jpg,18043,5e808ccc5e07604ba0c56c9ca4a3f71f63efdbe826fb491e89465d4021a31a2a
dataset4/train/ulcer/215.jpg,train,ulcer,215.jpg,.jpg,18451,ff27bc8ecc1756939a6f4ed67cc52b755fd52ee78d4b63cfdad015644679a66d
dataset4/train/ulcer/216.jpg,train,ulcer,216.jpg,.jpg,20992,8eec7469ab27dd96099a60fceae02ee2a69e2a64a8ee869d6f996e2cf32f91fe
dataset4/train/ulcer/217.jpg,train,ulcer,217.jpg,.jpg,20379,afa276765c6139f177de19ab89f1b0c708ce231ccf2fe373cb24f9395788071f
dataset4/train/ulcer/218.jpg,train,ulcer,218.jpg,.jpg,12663,a449ac4db09daf8b11972f8232f36327cdaccb0552c304f2808a9c75af7cabed
dataset4/train/ulcer/219.jpg,train,ulcer,219.jpg,.jpg,13975,0f93771d583a667c29f7627ddcd608b43d2c605f9cb63946841aabe28fdec94a
dataset4/train/ulcer/22.jpg,train,ulcer,22.jpg,.jpg,14268,a400db3a90f15986e88609bab3bcd4d4dbe0e1de13a2faccb0c8e206318150bc
dataset4/train/ulcer/220.jpg,train,ulcer,220.jpg,.jpg,13784,81e832d93cf6ef2cc106e00ea588a58d1b69f0e48a1a5c0cbde4ef4e764855cd
dataset4/train/ulcer/221.jpg,train,ulcer,221.jpg,.jpg,28647,9910b65e1c664ed9dd1e7d2939856084f86107caa0f7f863aca5296eaffd6ddc
dataset4/train/ulcer/222.jpg,train,ulcer,222.jpg,.jpg,27830,cd670348a4e52c1451c91bad03ff0b33e6c32f006e2c6950513249f7388aac80
dataset4/train/ulcer/223.jpg,train,ulcer,223.jpg,.jpg,22188,271c211eea5f25cbd9fb19c291c7157e3fd21e1335aa231d30759c1a4ac820ae
dataset4/train/ulcer/224.jpg,train,ulcer,224.jpg,.jpg,44281,83e7dd03ae1d6b9871d085f93c456052b7e4de5ffd5efca45c8408cafd3b7bde
dataset4/train/ulcer/225.jpg,train,ulcer,225.jpg,.jpg,42706,cad97820803dc646b1d3adef4251e81acfbf1ee0ab0ec9aec8c3003296603959
dataset4/train/ulcer/226.jpg,train,ulcer,226.jpg,.jpg,18855,47221eca152c98f94c648961e17072f2a36e0efe38bc9d00c818ca83a848956e
dataset4/train/ulcer/227.jpg,train,ulcer,227.jpg,.jpg,22108,92dfe0d3949a5342e4a1757ffcb5d1db42915a3d4f90654554a1c4377212a411
dataset4/train/ulcer/228.jpg,train,ulcer,228.jpg,.jpg,22639,7ef27e516cdf5b1d2de59b12d955b8ea100412f6c9723e06d38884febc392b0d
dataset4/train/ulcer/229.jpg,train,ulcer,229.jpg,.jpg,15985,612f0b44319b1adbf3da9fc245ddcef826ba54f55885a13366f05e58ebde86ed
dataset4/train/ulcer/23.jpg,train,ulcer,23.jpg,.jpg,30216,d43a9ace5cab63a4ad447c6ec7a7de21f6a1c0f299bae59854319028b8ff2461
dataset4/train/ulcer/230.jpg,train,ulcer,230.jpg,.jpg,24431,c8dbc545a01605adb4d6f4a280840f21b0af63d932b6a1cb84baaaaf164957c6
dataset4/train/ulcer/231.jpg,train,ulcer,231.jpg,.jpg,20797,404a6da957b013399ea25a1c59c2e00466d300c5da8aa21365a86a359f364827
dataset4/train/ulcer/232.jpg,train,ulcer,232.jpg,.jpg,21607,3ebc6cb39b8746039df080ca9b4887fcfe6393f2cff593e7119fea43ff30b421
dataset4/train/ulcer/233.jpg,train,ulcer,233.jpg,.jpg,20337,578ce632a123e35fe0d54c71f3b946e441ff932708eef4e2721605db56ec63e0
dataset4/train/ulcer/234.jpg,train,ulcer,234.jpg,.jpg,22740,930f750157b03b47850d2d69742dea672683a724fc0e064935cda7e9bb744b36
dataset4/train/ulcer/235.jpg,train,ulcer,235.jpg,.jpg,17516,a5e6c7206dae051829fd0d01f9e92a30972949ed2eb7dbbad9b46014192e4b07
dataset4/train/ulcer/236.jpg,train,ulcer,236.jpg,.jpg,15426,148b77cbc026e71773b3932b05c1a8a49133a870d689bc2e1d4c84f4bad1b587
dataset4/train/ulcer/237.jpg,train,ulcer,237.jpg,.jpg,18398,d016f046e0120b0ae257e5ca761595f8fe3fdaf2f5c1b089409500438edef4ee
dataset4/train/ulcer/238.jpg,train,ulcer,238.jpg,.jpg,17689,cd6c98b3412c983401fc0ac136553a70b19a8a7a0f1bf9b97a9ba881943232e6
dataset4/train/ulcer/239.jpg,train,ulcer,239.jpg,.jpg,17067,f89d9fff3043e41b2ed0199a4648bc15f500ea4cfc2c415d8f067e977aab1f0c
dataset4/train/ulcer/24.jpg,train,ulcer,24.jpg,.jpg,12219,04e77e44ba6e126160c1fbde7b367ae6dc89a748e2abefd975430799b698af1c
dataset4/train/ulcer/240.jpg,train,ulcer,240.jpg,.jpg,16341,29c80cec198e977747f6f12e3be9cd128141f77f80be2b56874348833dba2cfa
dataset4/train/ulcer/241.jpg,train,ulcer,241.jpg,.jpg,21203,285c7bf032f28876f5447096a25aec14d5caed133ddee66fc57a12b9b6102ff1
dataset4/train/ulcer/242.jpg,train,ulcer,242.jpg,.jpg,18248,465f9110558f14bf4d94795825f3b63fd1985b01d51809cf458e7ef794702f2a
dataset4/train/ulcer/243.jpg,train,ulcer,243.jpg,.jpg,18110,bda2d65337aa6543bc88d4129e0e24bfc452b1ae503a81b12c5bccbbb7b1c742
dataset4/train/ulcer/244.jpg,train,ulcer,244.jpg,.jpg,18071,4605886460947021013cf021a2381211a5347e94f8badd2ea41cfb64a57ac618
dataset4/train/ulcer/245.jpg,train,ulcer,245.jpg,.jpg,19428,65ecc920d9fb2eec6d3f9c11a14eed9a39788f022578277a0c75de9c017559b1
dataset4/train/ulcer/246.jpg,train,ulcer,246.jpg,.jpg,18435,b0e70573874d631c834bc3f3e1dd75de76b5692540362a0a5a2dca205f2528ed
dataset4/train/ulcer/247.jpg,train,ulcer,247.jpg,.jpg,23055,56c032fc04dc6c9f5dc7dd3e0fedcd8f485eaf1cdf9f3700de6a9f4f0906a428
dataset4/train/ulcer/248.jpg,train,ulcer,248.jpg,.jpg,20683,fd8d10f51d8beb4f90b373df76629615bb7ce399c9297b309bfe5accc9e30300
dataset4/train/ulcer/249.jpg,train,ulcer,249.jpg,.jpg,24125,fca7e033ce10e9fe43e1c8c1027c1a7aa16d050630615e192798c09806618d0e
dataset4/train/ulcer/25.jpg,train,ulcer,25.jpg,.jpg,16458,ca294794a8676229dfee009960004ffff43ddf60659f5221da347d0b836c5023
dataset4/train/ulcer/250.jpg,train,ulcer,250.jpg,.jpg,19910,8894447a494a0580f80cb3c4d2b0ce062c972216bb366512011fa9b74eacaed1
dataset4/train/ulcer/251.jpg,train,ulcer,251.jpg,.jpg,14070,04c7a2ad58828e82275c2b7030c823d99ab75c11015714701c802f05ea1dcc14
dataset4/train/ulcer/252.jpg,train,ulcer,252.jpg,.jpg,16572,b7eeeb3a86479d1ce7bf93749658bba7205191932baad154d0e3efeba881d8ff
dataset4/train/ulcer/253.jpg,train,ulcer,253.jpg,.jpg,14957,73c5ec366e74f2f3b3e27eb1492bb9461d3effa37e6ab8318254b73e5ec0383a
dataset4/train/ulcer/254.jpg,train,ulcer,254.jpg,.jpg,19180,2ec33686643ff54415eb1fd7e23ea29ff64a76441aefd4377af83ff5ff3cf11f
dataset4/train/ulcer/255.jpg,train,ulcer,255.jpg,.jpg,15243,4ff3c33c61bcac1aa934dfb0e1d37783a31b6c4330f82eb744c78b141d3d30af
dataset4/train/ulcer/256.jpg,train,ulcer,256.jpg,.jpg,12285,f013884fd173b051c81bb7c5ecdbc03431cd22507ccea1cb39e3c83c646c527a
dataset4/train/ulcer/257.jpg,train,ulcer,257.jpg,.jpg,13823,83dfc1ef1333156bd48b0496fff062dd834b0e974bdfefc3ed71be884f5cb5e6
dataset4/train/ulcer/258.jpg,train,ulcer,258.jpg,.jpg,13541,bc3628d7db5b466135a6e008b93271f1eb1ccbd1208dad13cd3c226cceac32ed
dataset4/train/ulcer/259.jpg,train,ulcer,259.jpg,.jpg,16238,d5e14acd4cac2e6c78048da99f69877efe6bcf19100f05afe98d69d4a0e55bc2
dataset4/train/ulcer/26.jpg,train,ulcer,26.jpg,.jpg,24607,73370ca9307dc96830ab9a9a78abe17a5c7fd2b072ada25cb72f91dbffc30d71
dataset4/train/ulcer/260.jpg,train,ulcer,260.jpg,.jpg,13819,91522586f104c24494de631b78b57ec8814552bec5580bac30c82d82ed509bb7
dataset4/train/ulcer/261.jpg,train,ulcer,261.jpg,.jpg,16513,06921a5cffcbf9e864b91be8bed2fc527397ded9dbe6e94883e6e79121854eca
dataset4/train/ulcer/262.jpg,train,ulcer,262.jpg,.jpg,24165,e299801552b6a79c9cfc2ac57073a4cb0e524cdf5c238b86878fd13f335f6c9d
dataset4/train/ulcer/263.jpg,train,ulcer,263.jpg,.jpg,20611,eaaae7449d794f3bd646ae02807765f2be643f88ce2677fd151da1ebc20bdfd0
dataset4/train/ulcer/264.jpg,train,ulcer,264.jpg,.jpg,21462,9e904e405693ee6b41c48e7d056cae99219bf87fde39d328f8a80c78f6a21d93
dataset4/train/ulcer/265.jpg,train,ulcer,265.jpg,.jpg,22720,68e92d106febaa5d2fb8d8f3909d4ac9fb3f2cc4ebf8387ad5755609d2fed139
dataset4/train/ulcer/266.jpg,train,ulcer,266.jpg,.jpg,20203,888980a8b0cb2aa70f1e04ef945d2a11454012b73a5bdff9dfffc1503930f47f
dataset4/train/ulcer/267.jpg,train,ulcer,267.jpg,.jpg,18097,d680e95f1faad775aea919f6c24a8c5b9a8a7095cf4456c786660192aa0caaaa
dataset4/train/ulcer/268.jpg,train,ulcer,268.jpg,.jpg,21006,7ce61bc006c77ad27e81832a0a9a898e5eaae4693943a58cd4ca26700df09d24
dataset4/train/ulcer/269.jpg,train,ulcer,269.jpg,.jpg,21953,14216c1d4ee8d07b41b4a62157c4fabd7913de65e1968528a574aa068a931c9e
dataset4/train/ulcer/27.jpg,train,ulcer,27.jpg,.jpg,26072,7b93b798088f49c3343d515d29ce47b64488bf89939b2d430dbfadbc8f4265e8
dataset4/train/ulcer/270.jpg,train,ulcer,270.jpg,.jpg,19646,b1cbef2cf22823707f3858511ca9f96aca1128c7bd1787127da0f33147283107
dataset4/train/ulcer/28.jpg,train,ulcer,28.jpg,.jpg,23384,ebf9a8fc233a7ccf494a2834ea437d357fcfedd5d319c98080fef3c2efc08a9f
dataset4/train/ulcer/3.jpg,train,ulcer,3.jpg,.jpg,13593,e647439721d93b1b388ae3aae3a2fc816f53f571bc91775244ae6c7855cf6084
dataset4/train/ulcer/33.jpg,train,ulcer,33.jpg,.jpg,16343,cbc967e49915cf04aea6bc31c814cf08f1de0b242e4c7cb4af09aee4b7eee94c
dataset4/train/ulcer/34.jpg,train,ulcer,34.jpg,.jpg,46553,3e018a61b501ea2713bbbc996ca44260b21d542a6b3863af0ccd624058446aa1
dataset4/train/ulcer/341.jpg,train,ulcer,341.jpg,.jpg,15073,fa3fa82b23180fda40a4f69026b38af5d7865f3988e387b45bf112b3615ca7cf
dataset4/train/ulcer/342.jpg,train,ulcer,342.jpg,.jpg,20396,42b28a7cdecb6b952569a1fb76b93d19e28444d0ab9bbb1328211fbb539d0253
dataset4/train/ulcer/343.jpg,train,ulcer,343.jpg,.jpg,20667,3f0ec3ce6a06ee74774d7164344807209b7c75295de6bd25df239e8a349a5c9e
dataset4/train/ulcer/344.jpg,train,ulcer,344.jpg,.jpg,24786,e1eda50588163aeb432a7715b9e099aeb62c00c4633980ce151f848b20e08268
dataset4/train/ulcer/345.jpg,train,ulcer,345.jpg,.jpg,13297,446a888cea999d0be7cd270b76d9b5ba806f833cef77bd9ecef5eddf799626ba
dataset4/train/ulcer/346.jpg,train,ulcer,346.jpg,.jpg,18109,b449a4cb3fc8ba9c6d430f3f96a539443ac7101f851529ea3f075cfee3632688
dataset4/train/ulcer/347.jpg,train,ulcer,347.jpg,.jpg,16792,26721f10289fa0fd7d414c1eaa369f9387c0998b6e2bde89f0e7d5b7f49b3b50
dataset4/train/ulcer/348.jpg,train,ulcer,348.jpg,.jpg,15378,88166dc6657dd3279a38f2fa3344c6fd34d27778d984cf3ecfd5278af95849ee
dataset4/train/ulcer/349.jpg,train,ulcer,349.jpg,.jpg,21533,58d943fb84a6fd6bd5322f07fda2daad231a143829263e186df77b64f0ee8d78
dataset4/train/ulcer/35.jpg,train,ulcer,35.jpg,.jpg,20275,89c6d78d12e2538264b09e1eb6861b40694e028ec98eb777117c04647664e8b7
dataset4/train/ulcer/350.jpg,train,ulcer,350.jpg,.jpg,15402,728832d32acc0e83a15745ff00b025e77668b0f67ee07aa5b86d57fb8a4b752f
dataset4/train/ulcer/351.jpg,train,ulcer,351.jpg,.jpg,18142,c79f56e801a90bb611a47c81da3b146af3ca6e7bef69c3a9a714dde6bac10e77
dataset4/train/ulcer/352.jpg,train,ulcer,352.jpg,.jpg,17173,38118f08446b273c92fe920f55eb937c13e68017d92f9d027ed6125995a3c35e
dataset4/train/ulcer/353.jpg,train,ulcer,353.jpg,.jpg,19393,25a648cba00a272191ef040f19f2e43e28cbdb8ba4c95184dffe8b77eddc64aa
dataset4/train/ulcer/354.jpg,train,ulcer,354.jpg,.jpg,15729,485634f749fe7d957bf0b024d6f9ba2ed2f1569338330472a4e6d11a744c1d0b
dataset4/train/ulcer/355.jpg,train,ulcer,355.jpg,.jpg,24185,17afed4800def96847738c10f0eb0612a17a10cec89dbf020beb0e50fab57395
dataset4/train/ulcer/356.jpg,train,ulcer,356.jpg,.jpg,14231,4e7a7644cbc02875e360e499ea769713bad845ce8a5282722899ffb5b7982c9e
dataset4/train/ulcer/357.jpg,train,ulcer,357.jpg,.jpg,20861,0a61e2a4e9cbedbcaaba0964a893509e3b82300b3bb83d9405f6941f58989bf6
dataset4/train/ulcer/358.jpg,train,ulcer,358.jpg,.jpg,19448,7070bf147ae5c1765582822e927a520adc2672b8cf9ea3651b0759f8fa627a2b
dataset4/train/ulcer/359.jpg,train,ulcer,359.jpg,.jpg,14085,be82678ce2f770fc1a82529c444456cf253993ae9d868c83aee940c919953165
dataset4/train/ulcer/36.jpg,train,ulcer,36.jpg,.jpg,12273,5f7a06325e0c9e4a5d37513c68384c80e961a4ee807e77cf0c287e9cc798d0a4
dataset4/train/ulcer/360.jpg,train,ulcer,360.jpg,.jpg,21221,39471d5c4301218ddfe3650a856d246c927a44227d76a981b9992121a46c75eb
dataset4/train/ulcer/361.jpg,train,ulcer,361.jpg,.jpg,21348,fdb6a7c0b2e300431659287a277222478ff193594af6a0d3db8931f39abc8008
dataset4/train/ulcer/362.jpg,train,ulcer,362.jpg,.jpg,22009,4ee63ddf1ff48cc3579cccff8acdaf07b5bf6f34cd9f9613f3bd363905a5dd21
dataset4/train/ulcer/363.jpg,train,ulcer,363.jpg,.jpg,13216,3f34397bed5472dc5b93ac7af9fcb24912b92a227e86b04837b960f391000e44
dataset4/train/ulcer/364.jpg,train,ulcer,364.jpg,.jpg,16546,ab8b2d3266bea035a43312e7bca67f01d0fc9f0ebca05ea16868b6dfb8e27997
dataset4/train/ulcer/365.jpg,train,ulcer,365.jpg,.jpg,18581,f974d44fde1e9b1ad5459d828b3e3f0e8008c4f2c5af37f6607ed5d241e5a9e3
dataset4/train/ulcer/366.jpg,train,ulcer,366.jpg,.jpg,17441,0e78b443378e2c13e1d7e85b4840c8be9aeab90c82471241b7f6b46de355616d
dataset4/train/ulcer/367.jpg,train,ulcer,367.jpg,.jpg,16693,4813156a260c6fedd545ff534ebec05cfdcb620a7d1922ef9e337fd09c6b3936
dataset4/train/ulcer/368.jpg,train,ulcer,368.jpg,.jpg,23348,b65647cd88d0ec249b795468feb7a3a1d868f24ba054b43c3628c3f54583b02d
dataset4/train/ulcer/369.jpg,train,ulcer,369.jpg,.jpg,24316,987f34ee0bdc00265c3eb9cf18b0cf0473b50ca79bad763711e8490e51ff1412
dataset4/train/ulcer/37.jpg,train,ulcer,37.jpg,.jpg,27217,41975b16a0a5357e326407cd33d0e91c50ac2e86d5c15f3839262a06f75a5ca7
dataset4/train/ulcer/370.jpg,train,ulcer,370.jpg,.jpg,17866,b026129111e4037635292eeff231a0db9708fa6e057ba492d59bdacdea08fb99
dataset4/train/ulcer/371.jpg,train,ulcer,371.jpg,.jpg,10899,1fa49e760bbf58b15ff26de6bf0e5891d1bba1fc482d80cde97b489d6592f3a6
dataset4/train/ulcer/372.jpg,train,ulcer,372.jpg,.jpg,19851,05cbf5c1cad4ade9de5429e69cb287b06c4723d8dd76c85e81515e15f19e73c9
dataset4/train/ulcer/373.jpg,train,ulcer,373.jpg,.jpg,13704,72d3b4989dd86ffa6e4691f5deb88f55c877c3f92044c809266a0adeab9dacf3
dataset4/train/ulcer/374.jpg,train,ulcer,374.jpg,.jpg,15725,6f0acbf1627806e353c23f409e50e27cbda4a51424fbd5391bfb686893187e31
dataset4/train/ulcer/375.jpg,train,ulcer,375.jpg,.jpg,25191,efd0b8d85d49ff338e283316d0eae0470b948df421192a4f6f956f160caf2963
dataset4/train/ulcer/376.jpg,train,ulcer,376.jpg,.jpg,25302,41bf58ff0d16eb454477f11e2bd6616cd759228879fa0af93b8ab4a98cad6114
dataset4/train/ulcer/377.jpg,train,ulcer,377.jpg,.jpg,19540,19908007e4fb403acc369feab35a4f7f6200d00422c25582a3480e389e628724
dataset4/train/ulcer/378.jpg,train,ulcer,378.jpg,.jpg,17670,3cd80d7b9c813603cbba7c6e9cb307b7891724bf6092fc698072c08260ac7bd5
dataset4/train/ulcer/379.jpg,train,ulcer,379.jpg,.jpg,20057,b8c867a51241ab38ef54ce23c6646970e7954ea5110a505201555faf2b5e27f6
dataset4/train/ulcer/38.jpg,train,ulcer,38.jpg,.jpg,15512,ce12dbb52fc0e7e899fd3f5ec2026e8f5e49bd1380ec5d4475715885e06e61b3
dataset4/train/ulcer/380.jpg,train,ulcer,380.jpg,.jpg,13702,c665e3f3b2b06b25cdd39a72763d34c428ecb0c72b59dc29cd9472444d6be680
dataset4/train/ulcer/381.jpg,train,ulcer,381.jpg,.jpg,20439,11dc359dd0bd875cc448ef5929383fb0b76c39652a3a375e71c564356f39a25e
dataset4/train/ulcer/384.jpg,train,ulcer,384.jpg,.jpg,28647,9910b65e1c664ed9dd1e7d2939856084f86107caa0f7f863aca5296eaffd6ddc
dataset4/train/ulcer/385.jpg,train,ulcer,385.jpg,.jpg,18231,b4ce6f73f5ae09843e5ffee71e4f0f9b5bfffd5a284afc7f8cc7d67458086da6
dataset4/train/ulcer/386.jpg,train,ulcer,386.jpg,.jpg,19428,65ecc920d9fb2eec6d3f9c11a14eed9a39788f022578277a0c75de9c017559b1
dataset4/train/ulcer/39.jpg,train,ulcer,39.jpg,.jpg,16078,d30d32a663241ae2b4a0dc1c98afc547fb9a7cf54f533d5ec080c6b8be32a35c
dataset4/train/ulcer/390.jpg,train,ulcer,390.jpg,.jpg,22188,271c211eea5f25cbd9fb19c291c7157e3fd21e1335aa231d30759c1a4ac820ae
dataset4/train/ulcer/391.jpg,train,ulcer,391.jpg,.jpg,29627,2c383b1a98bcd13bb8d7b0ae1bff21392772f5de0298d5afc602b982176b1eba
dataset4/train/ulcer/392.jpg,train,ulcer,392.jpg,.jpg,20203,888980a8b0cb2aa70f1e04ef945d2a11454012b73a5bdff9dfffc1503930f47f
dataset4/train/ulcer/393.jpg,train,ulcer,393.jpg,.jpg,29485,a56e9bde6edfdce589e148cbdd860599bc0f7bb9e7418775ff96619a33febcd8
dataset4/train/ulcer/396.jpg,train,ulcer,396.jpg,.jpg,24981,350aff0c7f0199afdb0647f60ff129bcb8da1fb1fe5588e539f6758ef6714395
dataset4/train/ulcer/397.jpg,train,ulcer,397.jpg,.jpg,25408,f5f4e008bf72a9189e06c2b2ef1698cd42909da76e4d63c541807d45098db176
dataset4/train/ulcer/398.jpg,train,ulcer,398.jpg,.jpg,21193,651d030bfce28acb1f2e36769670381cec08d31c62746f5de35f2df5c5a7ff31
dataset4/train/ulcer/4.jpg,train,ulcer,4.jpg,.jpg,45402,a0b7856ce6156ea072c2a6bd39d4a39fe706eb793e470bd5b5aa70289ed241d7
dataset4/train/ulcer/40.jpg,train,ulcer,40.jpg,.jpg,23903,a14a6bf7cfe97bab7389bf79e5d61dbd01b2248de5ce82f3dc6fa09383a1a56d
dataset4/train/ulcer/402.jpg,train,ulcer,402.jpg,.jpg,16919,4481465dedfd00a1c386006289da93c7acef188838c1946d17f9ec571ac548c7
dataset4/train/ulcer/403.jpg,train,ulcer,403.jpg,.jpg,21867,ed94559dd7fd635d298ded0cb8747a8e17154756393a5790767b350f4ca09ef3
dataset4/train/ulcer/404.jpg,train,ulcer,404.jpg,.jpg,14527,ed15cad3ef6b43a82b50c2b03c3aebfab451db293c102efe05b806dbe9c476e2
dataset4/train/ulcer/405.jpg,train,ulcer,405.jpg,.jpg,16351,89217e0704bd189ba561fa2f2d4eb4ee5dfad3c9be24b299eb6204bf632992fd
dataset4/train/ulcer/408.jpg,train,ulcer,408.jpg,.jpg,15323,8f16d2eed55a3cf27e9a9d62cc9f70cada5682070bb949b4311919136deadf2d
dataset4/train/ulcer/409.jpg,train,ulcer,409.jpg,.jpg,20388,68a81f9d3a7dd735ac880f43d5180feef9fe4021325e5c8c0f59dbee8e71f2d7
dataset4/train/ulcer/410.jpg,train,ulcer,410.jpg,.jpg,20420,02cfc12da4137dc8b4c62b327ce7955dc19e689f6372463b7ac75c0109080c73
dataset4/train/ulcer/414.jpg,train,ulcer,414.jpg,.jpg,24216,3790fcb7a580000e6d2477ba1a1370d0c3d50287d5f83b01177f4e9d5a078ae0
dataset4/train/ulcer/415.jpg,train,ulcer,415.jpg,.jpg,28226,213191524ad33cf35984f615229daf28117caabffe39756aea81c30bd0498fe8
dataset4/train/ulcer/416.jpg,train,ulcer,416.jpg,.jpg,24337,72dae81db66644564ed4d2e44bdb19da52df7b98b376420579b878de5452c6fe
dataset4/train/ulcer/417.jpg,train,ulcer,417.jpg,.jpg,16505,92d4a40ce6658858b1a5aa155e3366830c133cd7f11ab2540864fe16b7db709c
dataset4/train/ulcer/418.jpg,train,ulcer,418.jpg,.jpg,16351,ef00bad0a87563b52ae5d1c6dc0c1470c02ea53b268371d95a9e8907e66dd7c2
dataset4/train/ulcer/419.jpg,train,ulcer,419.jpg,.jpg,25646,07104016eed288789b6b8ffaebf55702d31143b3673eb08471f2f8c4f625c828
dataset4/train/ulcer/420.jpg,train,ulcer,420.jpg,.jpg,14947,54219157f38441f79ef8a2ac004e16e87eea87e44a786bc72daeb3135de2e54a
dataset4/train/ulcer/421.jpg,train,ulcer,421.jpg,.jpg,23253,a8653a9400d01e933d8faca70f124e2c0b3d06438e1f531800217f57692922c0
dataset4/train/ulcer/422.jpg,train,ulcer,422.jpg,.jpg,20983,3e48a11151d7834044c4c7b72baec9b9e1ed5520964985254c287801be3da387
dataset4/train/ulcer/423.jpg,train,ulcer,423.jpg,.jpg,21097,1471a18bd5019306aafb78321c72ea5ba63b0cdfc8a1fd80322ec5227d6743e6
dataset4/train/ulcer/424.jpg,train,ulcer,424.jpg,.jpg,24505,dcaa37baea30f382f29eba548f85cc21d2f66b2aa298288d1f315aa3b5f720b3
dataset4/train/ulcer/425.jpg,train,ulcer,425.jpg,.jpg,19576,974c89b534cbf34bb036a474d11dd0a1088650bc3a164bb3b02a71c34a12e7c9
dataset4/train/ulcer/426.jpg,train,ulcer,426.jpg,.jpg,21414,2906bb5e7ac5d426d47a76ddea92fbfb7bbd085a5ea9d37db98c63517e7a03c1
dataset4/train/ulcer/427.jpg,train,ulcer,427.jpg,.jpg,14993,40be6d66ab6a9ae29941a0f7b5a720d4b99b87fd2698a3819b542567c45196f7
dataset4/train/ulcer/428.jpg,train,ulcer,428.jpg,.jpg,11726,6034feff2f30ac31f5938a05e39349c4c14bea153e73f958333a7753a15ae008
dataset4/train/ulcer/429.jpg,train,ulcer,429.jpg,.jpg,12614,d310d0e6ea0f78a1046dd424f8322acbecc1c18be9022d51f96ad7c2fd1af4c3
dataset4/train/ulcer/430.jpg,train,ulcer,430.jpg,.jpg,25602,58222a352c4ecef8deade3560e3326f1f2920ebc1c6c47dbb52ee53a65529866
dataset4/train/ulcer/431.jpg,train,ulcer,431.jpg,.jpg,14891,c2cc081a2195c7290459f1f68246f6d67a0ae55f473344dc7cbcb0f6bb5206a5
dataset4/train/ulcer/432.jpg,train,ulcer,432.jpg,.jpg,17146,a0cf810312816eedf8ebec1fa8089d79445551e7c237e9f5aa632e340ba047bb
dataset4/train/ulcer/433.jpg,train,ulcer,433.jpg,.jpg,20289,42b2d2e8f229c6a28d58ed4c82ebeb2daffe4a290d3b4e1a477e2e88f4fd8087
dataset4/train/ulcer/434.jpg,train,ulcer,434.jpg,.jpg,16455,2207804095f1289df0f173ed67e61994dc3c931e58ea684f4221f03ef263604f
dataset4/train/ulcer/435.jpg,train,ulcer,435.jpg,.jpg,20989,14a876adc0861550954f0c86be10a5dcc29ab65bc0af7549525aae4c77430a63
dataset4/train/ulcer/436.jpg,train,ulcer,436.jpg,.jpg,13214,ef05a395769b48737b6cfc18ddbf2efacbcf6f61d998f84c070e594dcbd42274
dataset4/train/ulcer/437.jpg,train,ulcer,437.jpg,.jpg,19653,52e65bc2bb3f4ab54e529823b6f3ac7b742c783ce8e1b8e4b6aba8a2441831b5
dataset4/train/ulcer/438.jpg,train,ulcer,438.jpg,.jpg,13923,06ef497e402cb34312237120231550baa0468301d7e6578b3aeba8ac2a2566ca
dataset4/train/ulcer/439.jpg,train,ulcer,439.jpg,.jpg,21041,8d5202829c5f5fd40b146e96cefe4da88f0e192e085133e922090ccca1296bfd
dataset4/train/ulcer/440.jpg,train,ulcer,440.jpg,.jpg,29362,70fcb5690cd725e3f149bde468a403b7234955288bb7513eee7503d3d370b6cf
dataset4/train/ulcer/441.jpg,train,ulcer,441.jpg,.jpg,20136,4017a200c777d3c4303700983ae55a766baeafba3997080c0f3e055e7dea9d8a
dataset4/train/ulcer/442.jpg,train,ulcer,442.jpg,.jpg,21933,ab0b0b436133cd663de8bbf254402aee03cb8e33bc7b5794dc91c40876960b0b
dataset4/train/ulcer/443.jpg,train,ulcer,443.jpg,.jpg,17750,9ce02a30f66deeeb18edbdffa1c8f49b97c12abbcb0530c70dd26e183361c403
dataset4/train/ulcer/444.jpg,train,ulcer,444.jpg,.jpg,13113,bb6dc73399ed820f31d12d6ee836d218955b9e5f3bf457ebfdbdf8e2c0e84f31
dataset4/train/ulcer/445.jpg,train,ulcer,445.jpg,.jpg,11919,8b54bd1efd1fb3bda2ba5ab97d66b708cf2c3dcb01d2bede4bfecbe826c39e8c
dataset4/train/ulcer/446.jpg,train,ulcer,446.jpg,.jpg,20755,6d24c105998af9a6a02f68be5e988225f5aedf7a6e7f0a9506e9029700b1dd89
dataset4/train/ulcer/447.jpg,train,ulcer,447.jpg,.jpg,17575,f73f77e1b548d8c98c45376c67d16531c9aa5f76f29fad4bc27635e80deee4cb
dataset4/train/ulcer/448.jpg,train,ulcer,448.jpg,.jpg,14005,7e00b5a2fb157d205e62f0a663da312fa7405fb141e4ac5cd72b2385aadbfb7c
dataset4/train/ulcer/449.jpg,train,ulcer,449.jpg,.jpg,15849,eb0861985f67b671da6aa5e853e0beb7b24c5506963eb7fb58559077ec23edd6
dataset4/train/ulcer/45.jpg,train,ulcer,45.jpg,.jpg,9744,63ad91b45a579a6e23e3aacfadfdb7b3ebfcb9b93b44ff07eb3464b4672fa23c
dataset4/train/ulcer/450.jpg,train,ulcer,450.jpg,.jpg,12733,9c426473c91519f1c67f4869b414c0ea7370aeca3bbbc2913c571a495d856295
dataset4/train/ulcer/451.jpg,train,ulcer,451.jpg,.jpg,24654,e680e5e35ec53e2592a75d757abbd7cf08901ad3e55eea352d25ec7fbae1690c
dataset4/train/ulcer/452.jpg,train,ulcer,452.jpg,.jpg,13451,98f5b173116fb877a61659429349ad6704576e1fa5b214d4b76821fc3019dd3b
dataset4/train/ulcer/453.jpg,train,ulcer,453.jpg,.jpg,20322,c7fbf5b48a0fd4209482c5d2b9d6808fd1574dbb3182e06af7ee298481403857
dataset4/train/ulcer/454.jpg,train,ulcer,454.jpg,.jpg,15507,6c2410a7b4b5f92abd9d320fa43db02de69431618341cecaef84e53547be0f98
dataset4/train/ulcer/455.jpg,train,ulcer,455.jpg,.jpg,22018,5a1faf7c4e28e4490fa58a0d92390f3d3304468ad200448d239ea3d772cc61e4
dataset4/train/ulcer/456.jpg,train,ulcer,456.jpg,.jpg,19783,cb4bff76e4d7c0ae81754c56b747c895bfebca6f991a691a7da39687bc662570
dataset4/train/ulcer/457.jpg,train,ulcer,457.jpg,.jpg,22255,32bc5d46c9502a656f26a657c651942d08a0a9c2c02217709ea0a075c7c8a37a
dataset4/train/ulcer/458.jpg,train,ulcer,458.jpg,.jpg,28934,9bd9030f400bab06bfb738b4be189c62ef6cde844177319a5d3c6eac516572a9
dataset4/train/ulcer/459.jpg,train,ulcer,459.jpg,.jpg,20043,77d5b03fac7562e0a5c5ebaeee4c28d5d45951d09da8aabb74686ebd016c586f
dataset4/train/ulcer/46.jpg,train,ulcer,46.jpg,.jpg,12273,5f7a06325e0c9e4a5d37513c68384c80e961a4ee807e77cf0c287e9cc798d0a4
dataset4/train/ulcer/460.jpg,train,ulcer,460.jpg,.jpg,14243,bb6ddd772a551bd5fa036c46a13f34cbbb79c94eaa44601c17a5e5aade12f83c
dataset4/train/ulcer/461.jpg,train,ulcer,461.jpg,.jpg,12467,c4059c48d6c10d7d1e9367793f384e7498d188ce732ba00dc554284e410bdc7a
dataset4/train/ulcer/462.jpg,train,ulcer,462.jpg,.jpg,25563,b70b86be135140b6ed0ef23a63dd55d560f92210ba51294a3b0a084a4f5598ba
dataset4/train/ulcer/463.jpg,train,ulcer,463.jpg,.jpg,19985,041ea1f8f9220bb2a9349c13a067d7384bb357978d6fccb04682805b54cbef65
dataset4/train/ulcer/464.jpg,train,ulcer,464.jpg,.jpg,16264,386b214d637f98ae6651854c60d78cf264a90c609a0f29036307da468bb9b707
dataset4/train/ulcer/465.jpg,train,ulcer,465.jpg,.jpg,17602,e67d6e616095097aae7966a13b87c76310fa910f264ec6ddd15f7bb740b4c440
dataset4/train/ulcer/466.jpg,train,ulcer,466.jpg,.jpg,15837,a489a75da8c76dbe146cba67827f40d3f03e64430ba5bb19e65459b9bce1730e
dataset4/train/ulcer/467.jpg,train,ulcer,467.jpg,.jpg,19101,c420c1889bfcb50cced7377dc6d9d342a541ea94a202c07bdcb9f6efe71f964b
dataset4/train/ulcer/468.jpg,train,ulcer,468.jpg,.jpg,17264,df046de852ef186aeb83797f0f31cc9d04efadafae8dbf38d01f6e41fa8dc75e
dataset4/train/ulcer/469.jpg,train,ulcer,469.jpg,.jpg,14031,3b789b5d0cdde8b33f3b43a35324a739516814738bb7fe4b8cdc9cb72db5bd00
dataset4/train/ulcer/47.jpg,train,ulcer,47.jpg,.jpg,24895,96cfb63cee83f1355eb014501a50cff9f010f54504495ab107bf0d3bced5552e
dataset4/train/ulcer/470.jpg,train,ulcer,470.jpg,.jpg,15034,8e06ded233ff0d7e5d36e2b0e073431d55bd708e6fcd2368c61d9a2a042eb199
dataset4/train/ulcer/471.jpg,train,ulcer,471.jpg,.jpg,14807,c629ccea2188cd7ce80b4bb5f54bded8f64bb01e61c29ca4953d1a77b049ade6
dataset4/train/ulcer/472.jpg,train,ulcer,472.jpg,.jpg,18015,34e67e5f57c21eb8a05eca0cd7bfeb6f5fe65d85940eb05b5f7440825875cf26
dataset4/train/ulcer/473.jpg,train,ulcer,473.jpg,.jpg,9638,2d8999823e55cd1bbf9f5c6a2b9d5a08e26dba5ad0b32d5603ef42f1b7d2b88d
dataset4/train/ulcer/477.jpg,train,ulcer,477.jpg,.jpg,30210,0274a0927e094661b3bc7425bd56cc9bc4d6528080bee23cf84f412656a2e2c8
dataset4/train/ulcer/478.jpg,train,ulcer,478.jpg,.jpg,18675,80e02541f7c2ea18dff60ef9b2f57a05011744d7be4ec72793491398d67c3bf6
dataset4/train/ulcer/479.jpg,train,ulcer,479.jpg,.jpg,23956,5957bf3fa90c50db103b6ca7c97a32f7a95329ffa6c7a595bf156068de89c833
dataset4/train/ulcer/48.jpg,train,ulcer,48.jpg,.jpg,11433,d208002d93c95cacb429e76b9e2d675f9e1204b01196ccd7123c6285afeada1f
dataset4/train/ulcer/480.jpg,train,ulcer,480.jpg,.jpg,16564,b3f652cca19f61b3785fa53b7342f596bf6d8bd647de4a7032a691728a468941
dataset4/train/ulcer/481.jpg,train,ulcer,481.jpg,.jpg,17109,99f18dcd824858965f1b280ec7b423b08e01db83c9d2da2846dfe2717e2db354
dataset4/train/ulcer/482.jpg,train,ulcer,482.jpg,.jpg,16667,ea4aa3f2af9f9c8b3f00881d904e0cd22ef4da75ef9abe17cbf400a250ba87fc
dataset4/train/ulcer/483.jpg,train,ulcer,483.jpg,.jpg,20955,24f437eb4fd496dc8806a179dc112b2a1c9e6470a68779a8dfc7f1abcfeadaa9
dataset4/train/ulcer/484.jpg,train,ulcer,484.jpg,.jpg,25355,e7d4f9e3380bf9af90b0fee6801a1cde77d307757bd00ee18cb6a73ef37905d5
dataset4/train/ulcer/485.jpg,train,ulcer,485.jpg,.jpg,15554,49fe3bde309971fa508ffa3141102a342ccb56b98ab69c3f662de234edd5d9be
dataset4/train/ulcer/489.jpg,train,ulcer,489.jpg,.jpg,28406,6a6b40af7a8cd55acc4ba34ef8a54597d9f619ddf349c3db1289e5c64b30c93a
dataset4/train/ulcer/49.jpg,train,ulcer,49.jpg,.jpg,14039,b8b94d118a70603963273172d3cf0c7093b9ba6059e9d2959a1a8008318d0ac7
dataset4/train/ulcer/490.jpg,train,ulcer,490.jpg,.jpg,19289,d29f4c59f0a43b653659da61210cb5a0fbe27c76dd559518d04658d6486d6ec7
dataset4/train/ulcer/491.jpg,train,ulcer,491.jpg,.jpg,21578,7efca6ca6968c83a838a55788f10cab0c8d65d3a7365402e6544e2d335a9000e
dataset4/train/ulcer/492.jpg,train,ulcer,492.jpg,.jpg,30416,9eaf55e8d3696dfb4346102da7af6bb53429d40c803bea4c77bc76da4171ea89
dataset4/train/ulcer/493.jpg,train,ulcer,493.jpg,.jpg,20071,999153530925c2e385092b75668c41156e97ba9ca29c672643db2360e32345af
dataset4/train/ulcer/494.jpg,train,ulcer,494.jpg,.jpg,26206,eea8dd92bd004be46a4b7cdce56e00224fff4803d6d27a4537a433a63f4addd5
dataset4/train/ulcer/495.jpg,train,ulcer,495.jpg,.jpg,23052,d43d0dc736b8feca0ed7b8cc518112cca64940829a590c6ffab97241ad2cbdab
dataset4/train/ulcer/496.jpg,train,ulcer,496.jpg,.jpg,24840,4b6f2111bf621a7ed523d0c6074be6aef01cc8960f21d2eb2b7edd7f534b872f
dataset4/train/ulcer/497.jpg,train,ulcer,497.jpg,.jpg,21317,4756a0a166aee42160f5f01ee1ac3b210a6945fb5f05284680603f8ee4581bd0
dataset4/train/ulcer/498.jpg,train,ulcer,498.jpg,.jpg,25730,88c7d525a8655fadf65356c8e46905ddeb7c8b331e7af4cd0b9645d4b9771437
dataset4/train/ulcer/499.jpg,train,ulcer,499.jpg,.jpg,29317,2844b9fc6acef027336e23fd1b111546997ef201ef21093ff682a209e6491b8e
dataset4/train/ulcer/5.jpg,train,ulcer,5.jpg,.jpg,22747,85491e0f872dcc212d726571fac5313fa866a342f48acad365077cdc5451c296
dataset4/train/ulcer/50.jpg,train,ulcer,50.jpg,.jpg,14531,37d95076858c50a5e5db3a5dc4e63516c3eb41f12ca7e99c2c18773efd668956
dataset4/train/ulcer/500.jpg,train,ulcer,500.jpg,.jpg,35060,9f3c08c3e857723d6308a3c957b65ce660d94fbee15eaa158a528007c5b25701
dataset4/train/ulcer/501.jpg,train,ulcer,501.jpg,.jpg,24240,eac683ec7f5b4d5116ecf0e31d76749ccd73bf5e365e0c58b7f01e658f632260
dataset4/train/ulcer/502.jpg,train,ulcer,502.jpg,.jpg,52853,ccc68f09b5adafe4efaef95e31008df6a8d0ef9c907f41596d33556607098cf5
dataset4/train/ulcer/503.jpg,train,ulcer,503.jpg,.jpg,26482,c36f7f925123c6cd9641fb4ab390eebed776e8fa3245854920a29039f820dbe1
dataset4/train/ulcer/504.jpg,train,ulcer,504.jpg,.jpg,35336,77722ac3a1cc71d5d1c02d9be95d010223f9ee30aaf072c7d9a866a9e7691e4b
dataset4/train/ulcer/505.jpg,train,ulcer,505.jpg,.jpg,32511,98183d8704ed1315aae6fc7112118bec2cc88ef66f7c9d820bdcea28f63d40d4
dataset4/train/ulcer/506.jpg,train,ulcer,506.jpg,.jpg,20036,8cc079970d661fc47815c880647766fb8d1fd6bc61af13b8212260374e80b07d
dataset4/train/ulcer/507.jpg,train,ulcer,507.jpg,.jpg,16655,891938fa385ca6644d6b17e2e83c0b2e0f3f002b12c0a566e489678828886e66
dataset4/train/ulcer/508.jpg,train,ulcer,508.jpg,.jpg,30544,425acdc5412d9def5da3a5780dd31ee6f834c8c217cc033d8450cad62a7f8b18
dataset4/train/ulcer/509.jpg,train,ulcer,509.jpg,.jpg,24910,7d42c27e8a0aa5199b35b39073a3cfb40254ac8f1a74c505259175b307e9bc9b
dataset4/train/ulcer/51.jpg,train,ulcer,51.jpg,.jpg,14504,7bde2cdbf71e6f1389509181637f2e85398053da65968b0110a8aa3973787fcc
dataset4/train/ulcer/510.jpg,train,ulcer,510.jpg,.jpg,17854,1f70fc9808cf7a8577649506c3ca777acad991e2dac0ea543ca6bafcba5c8457
dataset4/train/ulcer/511.jpg,train,ulcer,511.jpg,.jpg,14513,25b9c09e4ad90c5229f838f49182bf50e17df5a5399270bc2fc49d1c31aad95f
dataset4/train/ulcer/512.jpg,train,ulcer,512.jpg,.jpg,19150,736b584a5601a3cc9f9dd14986be93be163a5ded9d097dee41f59c7c9f37e2d6
dataset4/train/ulcer/513.jpg,train,ulcer,513.jpg,.jpg,27560,a4e8902b5ac9430fd8e0d868daac0d3fa9a8c0bcf132e2bbd03796e1f3f37469
dataset4/train/ulcer/52.jpg,train,ulcer,52.jpg,.jpg,14068,6ee4ad525ca44a3efaf58ec81e7289dd754665e4399b0c888effb37f3206c078
dataset4/train/ulcer/53.jpg,train,ulcer,53.jpg,.jpg,32144,f517ae67528886cea98b13d2170b3f59f81ad7a74acd45a6996e65ff3210c2de
dataset4/train/ulcer/54.jpg,train,ulcer,54.jpg,.jpg,28470,9c6a916932fcfdd081be6006b2e8c0943c7c011c1f45f768cb2728b1a9fdeab3
dataset4/train/ulcer/55.jpg,train,ulcer,55.jpg,.jpg,30242,68a28686a45981a27bff15b09cc8963a88fe6fe1c211f443f6d5f1ccde34dd14
dataset4/train/ulcer/56.jpg,train,ulcer,56.jpg,.jpg,23771,c33fa85a712619161cce6482e2b4fdecd84aeaf9f0a459d907ccfa8f62cb19a4
dataset4/train/ulcer/57.jpg,train,ulcer,57.jpg,.jpg,32930,4347c005927237d7254b16adb5ed87618eca4a7d88087e0454760bad289343b0
dataset4/train/ulcer/6.jpg,train,ulcer,6.jpg,.jpg,17538,ddb34324fc396d6f14369c26589e5f1a9c645d64e6136cbd482e09a27c1ed923
dataset4/train/ulcer/7.jpg,train,ulcer,7.jpg,.jpg,20241,de3bd0a7993f374d2b6374a595169e7c7971a6129acc049cee6becf4edfb39b4
dataset4/train/ulcer/8.jpg,train,ulcer,8.jpg,.jpg,22739,6f9f1b631e1c16c8d1c9a6e61f94d028c0bd392d3cf44e23a7cfa503cebf0a28
dataset4/train/ulcer/9.jpg,train,ulcer,9.jpg,.jpg,12258,7550f8123ce8ea40ec8b8cdc5c5913ca87b9b677204758cf2780ce075c4414db
dataset4/val/nonulcer/1167 (1).jpg,val,nonulcer,1167 (1).jpg,.jpg,60483,b626b1eac48d8e061eeab017737c8860b7212dd6cdf7a4a5e261c501f718d337
dataset4/val/nonulcer/1167.jpg,val,nonulcer,1167.jpg,.jpg,60483,b626b1eac48d8e061eeab017737c8860b7212dd6cdf7a4a5e261c501f718d337
dataset4/val/nonulcer/200.jpg,val,nonulcer,200.jpg,.jpg,19056,9271bf736d01f89a4be6189ee795931d90099b62965c2816556afc3ab41fc12d
dataset4/val/nonulcer/201.jpg,val,nonulcer,201.jpg,.jpg,20982,3bf6c7fac5871c499b6c13ce39690bfdc1d8b3b2babb96e6a62613a47741c37b
dataset4/val/nonulcer/202.jpg,val,nonulcer,202.jpg,.jpg,21502,d090f704f719c0593b08be3b5ffe74e17bdefe8baa41e2b6db0264a9cd6a17df
dataset4/val/nonulcer/203.jpg,val,nonulcer,203.jpg,.jpg,21854,10bc341214cc2f88e36072471514f141a35fbc31f68aa3ee10a11647a53d1387
dataset4/val/nonulcer/204.jpg,val,nonulcer,204.jpg,.jpg,15829,bd6769145640a7219369d1a63b2aba829eba33530b4141364b35f2bf7207aad8
dataset4/val/nonulcer/205.jpg,val,nonulcer,205.jpg,.jpg,10612,0a3d2bdee1f92e8c393be3f4bdab36cab23611b4f8014eb8770b80a0f9efdaa6
dataset4/val/nonulcer/206.jpg,val,nonulcer,206.jpg,.jpg,17545,98bfa7b9c477c44c081f937e22a41a9185287e6afdb26ae8bbe026164b801ab1
dataset4/val/nonulcer/207.jpg,val,nonulcer,207.jpg,.jpg,19093,4d9ef91bd1664a34d7283f3f188f8cd96f88c0d71986c497e4559785d0b5f73b
dataset4/val/nonulcer/208.jpg,val,nonulcer,208.jpg,.jpg,19684,7a2037785dd48e138fb9eb295f6405ded2253b309991c111abc539e3558648a9
dataset4/val/nonulcer/209.jpg,val,nonulcer,209.jpg,.jpg,15219,aedd460dff23871b836fbfc40eff158b2a29144081aedbfa5c4ee1de908d9cdc
dataset4/val/nonulcer/210.jpg,val,nonulcer,210.jpg,.jpg,18419,1d1765a43debf3b49026544ac7491fa57835430c5ad8d132429ec54ae4f4dc77
dataset4/val/nonulcer/211.jpg,val,nonulcer,211.jpg,.jpg,13235,c7cafac8dbdcf8808f4fa9745c5155a8ad72e4511fe0f7e15296cc6c9f77ab18
dataset4/val/nonulcer/212.jpg,val,nonulcer,212.jpg,.jpg,15671,bcab34d3087e292fae4b5ffe262ca47663697c7211aece3cc3e47146e6124726
dataset4/val/nonulcer/213.jpg,val,nonulcer,213.jpg,.jpg,20724,206fb4bdc13d65308f32e99c51d553ebbeb5f7f737dc53d2c57687097b0e4fb9
dataset4/val/nonulcer/214.jpg,val,nonulcer,214.jpg,.jpg,26053,a69e299aaba8a7c80495ac7066c1a02b2341b9e927343eca0a166500f5b56d41
dataset4/val/nonulcer/215.jpg,val,nonulcer,215.jpg,.jpg,18925,03531f7a5efce5eed31593db3dc6b98e1ec51998ff2e178f1df7e60a5587a68e
dataset4/val/nonulcer/216.jpg,val,nonulcer,216.jpg,.jpg,21422,c35dd3f5ceb1db08897153fb220d670b8861b237c4b6a15e465da78f4166e726
dataset4/val/nonulcer/217.jpg,val,nonulcer,217.jpg,.jpg,16843,c3001efcbbb36f9f7fab68b1c96e0fc3360b240b6e6bacdd18d13910e905aeae
dataset4/val/nonulcer/218.jpg,val,nonulcer,218.jpg,.jpg,11388,1d4ae0988508c1b9ad41c987fe98fa2a5a0d556d7762f0eb775300f52d204a6a
dataset4/val/nonulcer/219.jpg,val,nonulcer,219.jpg,.jpg,18270,a133a3cf732fd264040d1c2d8b5936acce228d7dfdd55e0fd1c6f293086ec2b8
dataset4/val/nonulcer/220.jpg,val,nonulcer,220.jpg,.jpg,16527,761574f1cbcf5e0c8fccfc7830fbc21083325678434c1fb958fcc044782f7021
dataset4/val/nonulcer/221.jpg,val,nonulcer,221.jpg,.jpg,15625,55ab2e6b11c529abf4e0a932812c6dfe07f0a6061d9c0ee0ae63b75c11639b85
dataset4/val/nonulcer/222.jpg,val,nonulcer,222.jpg,.jpg,17323,58cc255df869fbd4b7253341b76113ed9870b3ee38d04748f8df6692848f7f0a
dataset4/val/nonulcer/223.jpg,val,nonulcer,223.jpg,.jpg,15448,505aa476080fc7ebe8fc227bf842ff68679c782a600786ae183df7300d2a6751
dataset4/val/nonulcer/224.jpg,val,nonulcer,224.jpg,.jpg,15162,a1202a1ec96a4971e8094df586e5921a53d00015b61d8cab19f089752fda8bb4
dataset4/val/nonulcer/225.jpg,val,nonulcer,225.jpg,.jpg,12554,f56c9a1ba0015ebb0731ddcafe8ef0a68aa5379cdb2f20faaebd0c6ecc6df252
dataset4/val/nonulcer/226.jpg,val,nonulcer,226.jpg,.jpg,19409,8004ddf601aac5478618a629112f7fced10e05234f4fbc3c59388a20b0da2368
dataset4/val/nonulcer/227.jpg,val,nonulcer,227.jpg,.jpg,14881,2d53f99c3500ee0bf4dca20ceaad359c26b5bd8088111cef09bfe4154e3bf821
dataset4/val/nonulcer/228.jpg,val,nonulcer,228.jpg,.jpg,22157,5eec55ec3221003c5676e9ff77a392bf4a3908b45a944dfdf960c14b267a28f6
dataset4/val/nonulcer/229.jpg,val,nonulcer,229.jpg,.jpg,21365,cb7957124bdb65fc9c066cea31a2332d4f8fb88d60714f811d5e8e61ffed10ef
dataset4/val/nonulcer/230.jpg,val,nonulcer,230.jpg,.jpg,19072,020267d08f9070c1e9677c1243e32ccc57fed04116e22707984859e601f71b32
dataset4/val/nonulcer/231.jpg,val,nonulcer,231.jpg,.jpg,14115,39ef723acbd969c038346d1b3bc06da31ba7da73dd6d9ac695bb7427b4e3d5c6
dataset4/val/nonulcer/232.jpg,val,nonulcer,232.jpg,.jpg,12875,54e4980953e78184d675126aff82ba3d2fc21a6dba36a01e4c192b34ea655e98
dataset4/val/nonulcer/233.jpg,val,nonulcer,233.jpg,.jpg,12622,804babd6a9cbd9e610288183f86b3afc7f104acfb818ef89fe96c8a1041f12cd
dataset4/val/nonulcer/234.jpg,val,nonulcer,234.jpg,.jpg,13933,06e6438e86e80bc61248c3857ed094c422440025420e071e33ffa4d43c38af86
dataset4/val/nonulcer/235.jpg,val,nonulcer,235.jpg,.jpg,18131,fc7b9ffe32dd4e575bc0bb602921674ee2e26219f772618a216d02d08e41d3c7
dataset4/val/nonulcer/236.jpg,val,nonulcer,236.jpg,.jpg,15438,daa3f4fe02521bc2586e0ac51e8458c1e7d5ee3de5b8d92d576fffebde92fd10
dataset4/val/nonulcer/237.jpg,val,nonulcer,237.jpg,.jpg,17218,403d49f7f0ff84da4dca978a00fbe599c29dbfb5e30c35fafafb415fd465c862
dataset4/val/nonulcer/238.jpg,val,nonulcer,238.jpg,.jpg,14454,1d231a771e9744fed90a7422aa8db788c1ab9d9ca2bed3ceb689cb0cc7426e4c
dataset4/val/nonulcer/239.jpg,val,nonulcer,239.jpg,.jpg,13134,75f00640854a2816756d4e0fd11fc76206af2b269f5b21ebe9381d32da8d6955
dataset4/val/nonulcer/240.jpg,val,nonulcer,240.jpg,.jpg,19331,fdb9f88c25eeb86a7d3acda4b1fa7dec64ad643d38d544962e9561311f88f4be
dataset4/val/nonulcer/241.jpg,val,nonulcer,241.jpg,.jpg,19704,142d53324078779044644f693f28152f28c028d3fd86b4fe8dd689697d18a5d1
dataset4/val/nonulcer/242.jpg,val,nonulcer,242.jpg,.jpg,11930,580fb97b7417006b3c1631443200a2d55aa51364de5f8b2ab647f097c7e5fa6d
dataset4/val/nonulcer/243.jpg,val,nonulcer,243.jpg,.jpg,11431,de90fb988b3b8605c55ba9437a0d271ac6a5bc091d3c188f92541fca66fed8a5
dataset4/val/nonulcer/244.jpg,val,nonulcer,244.jpg,.jpg,10661,634a2c98bc2365bd9de6b378b3e341806013720482cf39c0c40ca9fcd088b00b
dataset4/val/nonulcer/245.jpg,val,nonulcer,245.jpg,.jpg,10463,039d9966507db8953abc9d787b7d53ebbd82b665a25880f15b3c2accb2230d4f
dataset4/val/nonulcer/246.jpg,val,nonulcer,246.jpg,.jpg,17590,7508513f5d1360e38787efcd2e7383d8bb1ce8cca2c2f4f9b82415626462e38d
dataset4/val/nonulcer/247.jpg,val,nonulcer,247.jpg,.jpg,13389,bb8d1baeef767202839c295cb3507f7d0b94370630335a80d663a2ab74f617f5
dataset4/val/nonulcer/248.jpg,val,nonulcer,248.jpg,.jpg,12261,b21e8a16fc62fdc222f449e7622fc648166be5dae57e808654ef0137dbdb755c
dataset4/val/nonulcer/249.jpg,val,nonulcer,249.jpg,.jpg,13580,cb3339794adb72aa786d5cff10abf318442e9b6b263ff11a8a6653ea0cb77af7
dataset4/val/nonulcer/250.jpg,val,nonulcer,250.jpg,.jpg,10400,9a2111664c9c87480b111fcca6375cb3dd9e65435f2a4288f5e4baea8a8a1a2f
dataset4/val/nonulcer/251.jpg,val,nonulcer,251.jpg,.jpg,13619,4a53ec5581c9a567326176830776e3ebd1fe0d0cd301ea58c0fe77fb6cbf6045
dataset4/val/nonulcer/252.jpg,val,nonulcer,252.jpg,.jpg,13090,49a76d3036b9f8c4e9e20887b2a7aff0d76498363d46c95fe32da269c5f9499c
dataset4/val/nonulcer/253.jpg,val,nonulcer,253.jpg,.jpg,23219,b261bd033cd52756f245a25347ff85c33c03ed09d8a792983f6a8c41c9a1c0a7
dataset4/val/nonulcer/254.jpg,val,nonulcer,254.jpg,.jpg,22503,1e4ed4ee13e8164d50cbcb3bd5538199a4302fef620492fefdc615ca0dd22ed8
dataset4/val/nonulcer/255.jpg,val,nonulcer,255.jpg,.jpg,16274,c03a8ee0b6bd664234a84e42ae6b63ae7cf9b42d336cd20dbb3d93808844e219
dataset4/val/nonulcer/256.jpg,val,nonulcer,256.jpg,.jpg,9587,dfb51b43a73bf07dd14897cf27eb5352f4f025d91905b0892f21043936492a84
dataset4/val/nonulcer/257.jpg,val,nonulcer,257.jpg,.jpg,16055,3a80b26d3546d6c888f29d2c17a00b64865fa648e830473c5c17a4109dcb6dd1
dataset4/val/nonulcer/258.jpg,val,nonulcer,258.jpg,.jpg,21371,27433d02315bde51ad3c8bd15e537733254e680c1bff770892e244f3048322ea
dataset4/val/nonulcer/264.jpg,val,nonulcer,264.jpg,.jpg,17025,d932b3a33b5867bf2d29afe5d082b53c36254741822928a3d468f20f91afbb95
dataset4/val/nonulcer/265.jpg,val,nonulcer,265.jpg,.jpg,14206,8bf0ef2a17e953d7541bfdd4419b61ddd57da9440b5fd378bad49f87cf8ebc14
dataset4/val/nonulcer/266.jpg,val,nonulcer,266.jpg,.jpg,14215,dcae0da7ed4b654f052ae47d0b2beb7b02b591017b7ee0b727a24d690a275a5c
dataset4/val/nonulcer/267.jpg,val,nonulcer,267.jpg,.jpg,10855,f38d204f403e2317eae18a7fad233b6ce638cb1d5a775ef995500ac942d8e67c
dataset4/val/nonulcer/268.jpg,val,nonulcer,268.jpg,.jpg,11695,f356632b738fc45e5c8e1b011a46e2e03a3ca79004474459f0c3b58120aadc6a
dataset4/val/nonulcer/269.jpg,val,nonulcer,269.jpg,.jpg,11750,8156bc0e08c95031f10b358e3cff9b4731b629088fcbaf478883484f6ace095b
dataset4/val/nonulcer/270.jpg,val,nonulcer,270.jpg,.jpg,12404,99533bf60a61d484959718bf42156765352b9d52754a0d40c83476c183c3b6ea
dataset4/val/nonulcer/276.jpg,val,nonulcer,276.jpg,.jpg,14968,d5b8f408221fa31929edccb1af2a65c9831c903ffb8868ba29664a362daefe62
dataset4/val/nonulcer/277.jpg,val,nonulcer,277.jpg,.jpg,18879,49594ef2324492d79628876e5fea86064fcced3b504632cdde89e5ead7ac46eb
dataset4/val/nonulcer/278.jpg,val,nonulcer,278.jpg,.jpg,15896,5ab8feaba7c9b02f2dfa8905110610aa31b1294dc963a7292fc35a1e5a06e8e1
dataset4/val/nonulcer/279.jpg,val,nonulcer,279.jpg,.jpg,19093,f9ba6a574bc1a28342604045b438b255653b944f117d25023f648489c86b6781
dataset4/val/nonulcer/280.jpg,val,nonulcer,280.jpg,.jpg,15249,19a46422edc189de24ce1b88ca85cf1ca2f931ce3bb503034de55ee323c3018d
dataset4/val/nonulcer/281.jpg,val,nonulcer,281.jpg,.jpg,16253,b36ea4ab89daf45c1d63d3a99ec1767225a41ac61e6c831a356703fe90d71454
dataset4/val/nonulcer/283.jpg,val,nonulcer,283.jpg,.jpg,13402,089ab6bd8564f3a19d8f7459eef7d39d463ad2a96d50c140f751b2b9b2aa1711
dataset4/val/nonulcer/289.jpg,val,nonulcer,289.jpg,.jpg,19469,9b4550cb519b709d91799bf118520367a866a079ee482f5dce7f536a5c208eb0
dataset4/val/nonulcer/290.jpg,val,nonulcer,290.jpg,.jpg,21474,b76e4ae1fa645b3f32379ee322cb0f0f0b47f7add07d28f6529704f9823b64b6
dataset4/val/nonulcer/291.jpg,val,nonulcer,291.jpg,.jpg,9091,c3c3ea7e85e216aab1b06ffdfb863ce31babaa91b76925e60b7307b37b7c2395
dataset4/val/nonulcer/292.jpg,val,nonulcer,292.jpg,.jpg,27138,93213c1cff7770a5c6c848cc3807df1a887f4f2ff55ad46a98672619b15718de
dataset4/val/nonulcer/293.jpg,val,nonulcer,293.jpg,.jpg,12274,221a36b77e2a8d0387b111ed0c43d2e3dfa94d7ceb9549d4179d33de471b0991
dataset4/val/nonulcer/294.jpg,val,nonulcer,294.jpg,.jpg,11431,de90fb988b3b8605c55ba9437a0d271ac6a5bc091d3c188f92541fca66fed8a5
dataset4/val/nonulcer/295.jpg,val,nonulcer,295.jpg,.jpg,26720,48f7f4525a9dd9ad3bcf79758f4d2224c986af9a43d3730120dcb90425b6865f
dataset4/val/nonulcer/296.jpg,val,nonulcer,296.jpg,.jpg,24442,0cfd8e0736ea55cb719faa75adcb6ed49355a71385add6dd1fc993ba414b0216
dataset4/val/nonulcer/297.jpg,val,nonulcer,297.jpg,.jpg,12261,b21e8a16fc62fdc222f449e7622fc648166be5dae57e808654ef0137dbdb755c
dataset4/val/nonulcer/298.jpg,val,nonulcer,298.jpg,.jpg,16823,324448b4f20f228c8a177fa74c3da5810136cf664831fa9779c38431ebaa1a30
dataset4/val/nonulcer/299.jpg,val,nonulcer,299.jpg,.jpg,25000,ddcf9667e86a46fcf0127dc5fc77a5f069adf7de9c7a52efbbe94a9515b36f7f
dataset4/val/nonulcer/300.jpg,val,nonulcer,300.jpg,.jpg,19469,9b4550cb519b709d91799bf118520367a866a079ee482f5dce7f536a5c208eb0
dataset4/val/nonulcer/48EC17AD00000578-5357099-image-a-1_1517910370023.jpg,val,nonulcer,48EC17AD00000578-5357099-image-a-1_1517910370023.jpg,.jpg,59636,cca23d0549c6feea5444e3fbcb9b7482444817a124331aaf1f5f0a623eb70507
dataset4/val/nonulcer/7509tn.jpg,val,nonulcer,7509tn.jpg,.jpg,10560,ebf3d055cd5cbb7a3f29a5b73ac8d5521f92edf25a201f0f03458f053a540cf7
dataset4/val/nonulcer/7524tn.jpg,val,nonulcer,7524tn.jpg,.jpg,10551,2252eb5eda455a427e247620293a979c8f84667536c1475420bf34beca3aac9e
dataset4/val/nonulcer/800wm.jpg,val,nonulcer,800wm.jpg,.jpg,97016,d8a2c4b21db7279a75fbb8a70ef58d6dafdcc99979229a14e39fa4d5fd577a99
dataset4/val/nonulcer/8967776-3x2-940x627.jpg,val,nonulcer,8967776-3x2-940x627.jpg,.jpg,62326,3a13642752cbcffd70b9991e983760d2dd013dfda9f05359c9ddd88fd2472b39
dataset4/val/nonulcer/arterial_ulcer_on_foot.jpg,val,nonulcer,arterial_ulcer_on_foot.jpg,.jpg,66051,7c23fd4ad453ba0876989ef20f228675bca303d448cf96d431c8749ba6c9c270
dataset4/val/nonulcer/assess_wound_exudate.jpg,val,nonulcer,assess_wound_exudate.jpg,.jpg,61951,4e261e04f0b8a0f13e2986a17f2a7d68ac874718220ef9310346287cd41aa30d
dataset4/val/nonulcer/depositphotos_123394922-stock-photo-skin-with-wasp-sting-wound.jpg,val,nonulcer,depositphotos_123394922-stock-photo-skin-with-wasp-sting-wound.jpg,.jpg,94901,c9df4e81b59595c693ca10ecaaaa1aef7fd2e841b7411932e3395b2029e24426
dataset4/val/nonulcer/diabetic foot ulcer..jpg,val,nonulcer,diabetic foot ulcer..jpg,.jpg,717071,a8368c02406aec278ec1648865bd1b32049e89e03dc5bd701e74ea704c28e0b9
dataset4/val/nonulcer/Diabetic-foot-infection-for-insensitive-repetitive-trauma-The-wound-is-close-to-deep.png,val,nonulcer,Diabetic-foot-infection-for-insensitive-repetitive-trauma-The-wound-is-close-to-deep.png,.png,42485,e52da65504f9c0de3d39722b4603901a971b7cabae77618eec7aa35490a7b85d
dataset4/val/nonulcer/Diabetic-Foot-Wounds-Small-288x300.jpg,val,nonulcer,Diabetic-Foot-Wounds-Small-288x300.jpg,.jpg,10765,6386a31b39ba148fb212e62a3709e6dba6c04e94c067c6601003de8a877addb4
dataset4/val/nonulcer/dried-wound-skin-hand-white-background_105034-169.jpg,val,nonulcer,dried-wound-skin-hand-white-background_105034-169.jpg,.jpg,63009,2c8e751ec648c6f09f1c5fc7c489f09bc4e68924957bb28b97200855e1a63cd8
dataset4/val/nonulcer/e26_DebridingInfectedUlcer.jpg,val,nonulcer,e26_DebridingInfectedUlcer.jpg,.jpg,35317,ac0448272cc047e5b0e0c8fcfe683b0cf7a9de852b2278b668ecca4c870f53c6
dataset4/val/nonulcer/e26_Infected_Heel_ulcer.jpg,val,nonulcer,e26_Infected_Heel_ulcer.jpg,.jpg,57093,9f2343e2b9ba2b2e1532e8905ee5c7846a27a0cb24ab040db3eb5fc828ba8b6d
dataset4/val/nonulcer/FootWound.jpg,val,nonulcer,FootWound.jpg,.jpg,12621,740961c2da95cd788dbd9ac193090c4a1d3d841a168dd282fe5493f13f8e2dae
dataset4/val/nonulcer/graphic-3.large_-346x188.jpg,val,nonulcer,graphic-3.large_-346x188.jpg,.jpg,9082,5498a2798916ba48185e8ff950eddbfc84f1d6566d855bab180b905084432054
dataset4/val/nonulcer/hotel-campestre-camino.jpg,val,nonulcer,hotel-campestre-camino.jpg,.jpg,28550,402b5e0df59aefa40f1f304d3054997ef455c40f496ce6c5defb02b9fdfde4dd
dataset4/val/nonulcer/image3.jpeg,val,nonulcer,image3.jpeg,.jpeg,39189,1b6e8c883537ef9235ee9850d8fe9465e4ad337b36fe407310c9ff07525a8904
dataset4/val/nonulcer/images - 2019-12-16T110052.883.jpg,val,nonulcer,images - 2019-12-16T110052.883.jpg,.jpg,5407,bbcf80db20849aa6cbe586b3ba6310ad329114c1fc9204b05ddc0e08f77fc5a1
dataset4/val/nonulcer/images - 2019-12-16T110056.948.jpg,val,nonulcer,images - 2019-12-16T110056.948.jpg,.jpg,5935,3fc65cad566e9d3f71983e042143f15a44e2a03f94a39c1ee3d5aba03c9d2f32
dataset4/val/nonulcer/images - 2019-12-16T110101.238.jpg,val,nonulcer,images - 2019-12-16T110101.238.jpg,.jpg,5582,26ca33d3c7577ddb6b5d35d6c8bb2385726f70587aaea1572ef68322a68c42a6
dataset4/val/nonulcer/images - 2019-12-16T110105.694.jpg,val,nonulcer,images - 2019-12-16T110105.694.jpg,.jpg,3732,4dc7ec38b54ed20297cbcfa63a41c3c7a4f7e2d72e750953bb80648c9012274c
dataset4/val/nonulcer/images - 2019-12-16T110109.412.jpg,val,nonulcer,images - 2019-12-16T110109.412.jpg,.jpg,4267,b2eca5c76c7c4d0149234bf1c92a69ded54e9f38af0b6387adaa7628b9c7389b
dataset4/val/nonulcer/images - 2019-12-16T110113.547.jpg,val,nonulcer,images - 2019-12-16T110113.547.jpg,.jpg,5958,ef0a5e9c1821ce99ab3458a004656dc94ed0c44c6ff968c5ddd1749e612961eb
dataset4/val/nonulcer/images - 2019-12-16T110151.909.jpg,val,nonulcer,images - 2019-12-16T110151.909.jpg,.jpg,6316,4ca3419db2b33d9b9963de2028adb73d725aa23930f22c4b684b615a3d2ff862
dataset4/val/nonulcer/images - 2019-12-16T110159.244.jpg,val,nonulcer,images - 2019-12-16T110159.244.jpg,.jpg,6107,76826bdca4d6bf5ed2e8eb59c201f904caf790707cbb52fbd7780dfa05507a73
dataset4/val/nonulcer/images - 2019-12-16T110203.613.jpg,val,nonulcer,images - 2019-12-16T110203.613.jpg,.jpg,5803,84e16bc9d433a3adc4bebc0e4be97f664f8194d7be933fd4f4ea1929061940b0
dataset4/val/nonulcer/images - 2019-12-16T110208.219.jpg,val,nonulcer,images - 2019-12-16T110208.219.jpg,.jpg,8077,cdce0f7bf5e269f8b3131c78ebf673273270592e763ad6729a017d04fef8efbe
dataset4/val/nonulcer/images - 2019-12-16T110212.237.jpg,val,nonulcer,images - 2019-12-16T110212.237.jpg,.jpg,7202,e65aee72cd8e789bdd076c7909614a398a4b91e661eb49382fd71bc59c9c4cbb
dataset4/val/nonulcer/images - 2019-12-16T110216.166.jpg,val,nonulcer,images - 2019-12-16T110216.166.jpg,.jpg,7220,1a954c90b7f3029b45b511c403d60d9a1b3271b1485315c29487684781d406c8
dataset4/val/nonulcer/images - 2019-12-16T110222.580.jpg,val,nonulcer,images - 2019-12-16T110222.580.jpg,.jpg,8295,eebde05c76b02670a4d7036a555c915c0a7775c9147a758d5a4318f00eab37d6
dataset4/val/nonulcer/images - 2019-12-16T110240.981.jpg,val,nonulcer,images - 2019-12-16T110240.981.jpg,.jpg,6545,39a10661ccba424cde7b6cbc114fdae3e028162a4a2b969605b850d877b70686
dataset4/val/nonulcer/images - 2019-12-16T110245.435.jpg,val,nonulcer,images - 2019-12-16T110245.435.jpg,.jpg,5463,c2bfe84a765b50b076663bfbf802dc89d3430bf0e14e72b7dd53773d63544557
dataset4/val/nonulcer/images - 2019-12-16T110251.820.jpg,val,nonulcer,images - 2019-12-16T110251.820.jpg,.jpg,7164,379721c97aa72de5c3cb16e16e4a35758692f8abb8a4d7f2c005f65a816a6bbb
dataset4/val/nonulcer/images - 2019-12-16T110611.107.jpg,val,nonulcer,images - 2019-12-16T110611.107.jpg,.jpg,7175,3606f7b5c0529a5752b80c43d5419a2d0d3f4968b99ce9ef6aeb7eff21651849
dataset4/val/nonulcer/images - 2019-12-16T110650.828.jpg,val,nonulcer,images - 2019-12-16T110650.828.jpg,.jpg,5853,c33a0859cb958ecad5d3b53f9930d08f291cdb643301372e93bc9518273c0a41
dataset4/val/nonulcer/images - 2019-12-16T110703.284.jpg,val,nonulcer,images - 2019-12-16T110703.284.jpg,.jpg,7175,3606f7b5c0529a5752b80c43d5419a2d0d3f4968b99ce9ef6aeb7eff21651849
dataset4/val/nonulcer/images - 2019-12-16T110711.955.jpg,val,nonulcer,images - 2019-12-16T110711.955.jpg,.jpg,4685,7dd2f51dbe9e3c0ad619c40192c88ba2a66a6209c8b25706b252dd6c18d2c2b4
dataset4/val/nonulcer/images - 2019-12-16T110718.465.jpg,val,nonulcer,images - 2019-12-16T110718.465.jpg,.jpg,7020,01186e99744413cee010b3783bbcd9fc5cecdb45e05a163a2988990ea111bfda
dataset4/val/nonulcer/images - 2019-12-16T110824.754.jpg,val,nonulcer,images - 2019-12-16T110824.754.jpg,.jpg,8791,3cad41cda93cad123eb19bef952b22a9186066d6eee43e6781d6e1fa650d131e
dataset4/val/nonulcer/images - 2019-12-16T110916.499.jpg,val,nonulcer,images - 2019-12-16T110916.499.jpg,.jpg,3027,b0e3ba7c7b64278b6d19b71836e21b1d707277116a8f881bc01e91c27efce9be
dataset4/val/nonulcer/images - 2019-12-16T110920.405.jpg,val,nonulcer,images - 2019-12-16T110920.405.jpg,.jpg,3348,e7fd88901676de022be4a5c113735a1de99f8b83b9e8bdbb01d3147ed8a2987f
dataset4/val/nonulcer/images - 2019-12-16T110925.452.jpg,val,nonulcer,images - 2019-12-16T110925.452.jpg,.jpg,5453,fefa0b1660ce7af46399bd3b675814e82d171f08097ac821d30cfcdbf7cb153a
dataset4/val/nonulcer/images - 2019-12-16T111049.796.jpg,val,nonulcer,images - 2019-12-16T111049.796.jpg,.jpg,4657,828b061efb74dfc31da32d939e36420a9df5824ce8a92d9dc7af734389a984c5
dataset4/val/nonulcer/images - 2019-12-16T111059.300.jpg,val,nonulcer,images - 2019-12-16T111059.300.jpg,.jpg,7356,2ed92955e3f457ec20b6aadb5935b9b7bd02e669c255c90a3ddbb1040a0048d8
dataset4/val/nonulcer/images - 2019-12-16T111106.890.jpg,val,nonulcer,images - 2019-12-16T111106.890.jpg,.jpg,6911,9b19656bfc566ee94385593dca410e814fd97783a05b08dff7e6a89ebc40cdc9
dataset4/val/nonulcer/images - 2019-12-16T111111.674.jpg,val,nonulcer,images - 2019-12-16T111111.674.jpg,.jpg,6756,ed336b37f08dab100c52b6c1c2d1c43d845cfc301715869485fa26f5f95b8e3d
dataset4/val/nonulcer/images - 2019-12-16T111115.717.jpg,val,nonulcer,images - 2019-12-16T111115.717.jpg,.jpg,7567,9aacfe24cb67b7dbb084231219736907b1673c1684714f728cafdd66a2be1079
dataset4/val/nonulcer/images - 2019-12-16T111125.667.jpg,val,nonulcer,images - 2019-12-16T111125.667.jpg,.jpg,3635,9b68cb6ea15b73c80fc3280d090c7a732b4bdb55c8ac32a9cb6b3e3c7ec9a6a1
dataset4/val/nonulcer/images - 2019-12-16T111232.636.jpg,val,nonulcer,images - 2019-12-16T111232.636.jpg,.jpg,6762,35ce9cadc8ef3101474db0a88b9a880110c7d737d5044d3a5cc1aede2d7a8e10
dataset4/val/nonulcer/images - 2019-12-16T111247.267.jpg,val,nonulcer,images - 2019-12-16T111247.267.jpg,.jpg,7469,fa3e5c9502b8d7450a2c2539389bfcba94f017c2d4a828a9d96967cb1434949d
dataset4/val/nonulcer/images - 2019-12-16T112022.990.jpg,val,nonulcer,images - 2019-12-16T112022.990.jpg,.jpg,4716,538d4de83a1159bca8a702ca8537ab69a1f9c3be22b39e30b7eb75ae2691e15a
dataset4/val/nonulcer/images - 2019-12-16T112239.735.jpg,val,nonulcer,images - 2019-12-16T112239.735.jpg,.jpg,4312,259ce5a1f724c604d221c482efa805b3d31df99ed6e28df41f10f78b8f6d42ce
dataset4/val/nonulcer/images - 2019-12-16T112316.979.jpg,val,nonulcer,images - 2019-12-16T112316.979.jpg,.jpg,3764,56c0ea70b22a0db4843a6c3ead166394bcef8c6f104ffdfa623f9239e7803c0b
dataset4/val/nonulcer/images - 2019-12-16T112323.612.jpg,val,nonulcer,images - 2019-12-16T112323.612.jpg,.jpg,5321,46ace372e466a5aeb4936c1502dd4de9b3cc716f09ad13e8ce79ba6b2e7c97de
dataset4/val/nonulcer/images - 2019-12-16T112331.531.jpg,val,nonulcer,images - 2019-12-16T112331.531.jpg,.jpg,6615,64b0dce4b9874a9a14d7d9c6f8dab7650799b16f76e4aae20c8a2557b0a36713
dataset4/val/nonulcer/images - 2019-12-16T112338.781.jpg,val,nonulcer,images - 2019-12-16T112338.781.jpg,.jpg,1512,0922b1dd2dfef62653d5cfd81f2239d9788bc0edccbcdd9eaefccb7636144675
dataset4/val/nonulcer/images - 2019-12-16T112657.261.jpg,val,nonulcer,images - 2019-12-16T112657.261.jpg,.jpg,2346,68c43f46e0e626d7e17b518b3e429992c415ffb718a57a51e275894a159d476f
dataset4/val/nonulcer/images - 2019-12-16T112716.379.jpg,val,nonulcer,images - 2019-12-16T112716.379.jpg,.jpg,4651,0b4a76e623f4028ca85c4c2f93f71d7cc0be6e1a94fda3ec68f8a67ebc4d3de6
dataset4/val/nonulcer/images - 2019-12-16T112738.090.jpg,val,nonulcer,images - 2019-12-16T112738.090.jpg,.jpg,8791,3cad41cda93cad123eb19bef952b22a9186066d6eee43e6781d6e1fa650d131e
dataset4/val/nonulcer/images - 2019-12-16T112812.170.jpg,val,nonulcer,images - 2019-12-16T112812.170.jpg,.jpg,6172,bbd1fae9872d18edb5357f04ec6081a74e681a91abb23845cf667da8a0ec09b5
dataset4/val/nonulcer/images - 2019-12-16T112816.252.jpg,val,nonulcer,images - 2019-12-16T112816.252.jpg,.jpg,8576,11f2227071a1ecb13e1f50d9d1d15ec0038e4e74c210e3d252995b3e3a1a0bf4
dataset4/val/nonulcer/images - 2019-12-16T112821.010.jpg,val,nonulcer,images - 2019-12-16T112821.010.jpg,.jpg,6321,9e96e247599139ec99ceea4b7a038a5181a793f4b005cd28ae939d05e2db5376
dataset4/val/nonulcer/images - 2019-12-16T112848.933.jpg,val,nonulcer,images - 2019-12-16T112848.933.jpg,.jpg,7093,e4bb00ba5912da29b6986b5af9fedb1f77666cc961c42ac9a598786d7649a30d
dataset4/val/nonulcer/images - 2019-12-16T112852.668.jpg,val,nonulcer,images - 2019-12-16T112852.668.jpg,.jpg,6137,9b4859b3e90c542ee9f8ba4ab928f1eeada37edf6a497e8d49699a8a9dbb2aaf
dataset4/val/nonulcer/images - 2019-12-16T113556.413.jpg,val,nonulcer,images - 2019-12-16T113556.413.jpg,.jpg,5098,1d8fe7d3f99fb4eb9cdd85684991c321c301f8dabf9c9b0910dd1c23dee47d32
dataset4/val/nonulcer/images - 2019-12-16T113650.487.jpg,val,nonulcer,images - 2019-12-16T113650.487.jpg,.jpg,4713,a082bb41aca4bde14bf45b1a39042f65d80ccfa22b256675a34a9789ff302c61
dataset4/val/nonulcer/images - 2019-12-16T113654.918.jpg,val,nonulcer,images - 2019-12-16T113654.918.jpg,.jpg,5309,6c1cb33917691a684fb849b226cf55722a1a520a71d4930bcf06b76a716590b7
dataset4/val/nonulcer/images - 2019-12-16T113829.443.jpg,val,nonulcer,images - 2019-12-16T113829.443.jpg,.jpg,5542,cc3d2209ecfe651e81de67ed25f2232d279ca8f41a8cbdd10d226eefe4342e99
dataset4/val/nonulcer/images - 2019-12-16T113834.434.jpg,val,nonulcer,images - 2019-12-16T113834.434.jpg,.jpg,4076,cffc556910f70a0d4aa5671d04a806ac77f1deaaa59a50306a7ce55ae1aeec72
dataset4/val/nonulcer/images - 2019-12-16T113854.651.jpg,val,nonulcer,images - 2019-12-16T113854.651.jpg,.jpg,4278,75d53b7b8c14159bc80acfbd6a62a8b4147d1d5bb0e76efae0449e05a442b9a9
dataset4/val/nonulcer/images - 2019-12-16T113859.251.jpg,val,nonulcer,images - 2019-12-16T113859.251.jpg,.jpg,3895,e49ab46e63a9f95006bf8d496917700f12f068df99ea0d3b9cb7a6af2cea717a
dataset4/val/nonulcer/images - 2019-12-16T113924.066.jpg,val,nonulcer,images - 2019-12-16T113924.066.jpg,.jpg,4794,79a68d3bccbf5cc82fb1c63145370ba245591ad5f1304bae5c0cdb4c94550ce3
dataset4/val/nonulcer/images - 2019-12-16T113928.332.jpg,val,nonulcer,images - 2019-12-16T113928.332.jpg,.jpg,5242,871433e3a14318c30f25b4c7bd52a29bb9af5f0cb8a46cb9d754b124ce6e1796
dataset4/val/nonulcer/images - 2019-12-16T114914.051.jpg,val,nonulcer,images - 2019-12-16T114914.051.jpg,.jpg,3426,93847b5601157fae6975c4028acacaf63a36cdf632156be1e7801b7727c4a15c
dataset4/val/nonulcer/images - 2019-12-16T115022.914.jpg,val,nonulcer,images - 2019-12-16T115022.914.jpg,.jpg,4902,9e218f1de5817730e92f630bba7ebe544ab4caaa8388f63ceaba025cd7fb48e0
dataset4/val/nonulcer/images - 2019-12-16T115027.681.jpg,val,nonulcer,images - 2019-12-16T115027.681.jpg,.jpg,3524,747f55730f1205dd9c369eb6d5a7a4a971e1e3745ababa4a01abc3964fd270df
dataset4/val/nonulcer/images - 2019-12-16T115032.124.jpg,val,nonulcer,images - 2019-12-16T115032.124.jpg,.jpg,3965,02a7a7c1824b911ce2194c50a0c612f47b4dfef1e111750fcecd17c3c0cfd56a
dataset4/val/nonulcer/images - 2019-12-16T115037.092.jpg,val,nonulcer,images - 2019-12-16T115037.092.jpg,.jpg,4342,9e2513eaca2d39649e3f170d04ae2bcb3cd51ac86d5a685a7fa9826092fdf562
dataset4/val/nonulcer/images - 2019-12-16T115043.818.jpg,val,nonulcer,images - 2019-12-16T115043.818.jpg,.jpg,5717,77b98171c1ff989d720177c73ae0fd26a5e1ee0d5de22ef57ecf0835ed314d4f
dataset4/val/nonulcer/images - 2019-12-16T115049.331.jpg,val,nonulcer,images - 2019-12-16T115049.331.jpg,.jpg,3965,02a7a7c1824b911ce2194c50a0c612f47b4dfef1e111750fcecd17c3c0cfd56a
dataset4/val/nonulcer/images - 2019-12-16T115110.963.jpg,val,nonulcer,images - 2019-12-16T115110.963.jpg,.jpg,3921,81699b89ee7cdfa4e21d49273690916b80acf1196070973454feb4f9bb44b325
dataset4/val/nonulcer/images - 2019-12-16T115127.077.jpg,val,nonulcer,images - 2019-12-16T115127.077.jpg,.jpg,5144,2764efc6d3423e9890fa5875124afa39a03f28bbd60b4bc4290d264c80c954ae
dataset4/val/nonulcer/images - 2019-12-16T115151.291.jpg,val,nonulcer,images - 2019-12-16T115151.291.jpg,.jpg,6175,5ed4eecf3e6bdec99e8ead8d17f28ac807245cc15f0beffa7516384796fed934
dataset4/val/nonulcer/images - 2019-12-16T115155.882.jpg,val,nonulcer,images - 2019-12-16T115155.882.jpg,.jpg,7553,f478dfdeaf599dafc576da1532da6df309fca71fa251f8aae166c8b5e6c1569b
dataset4/val/nonulcer/images - 2019-12-16T115159.851.jpg,val,nonulcer,images - 2019-12-16T115159.851.jpg,.jpg,6103,6a441ecfcf8d22b12a7645ee01b29bca42db401a28afef1d7a2b716d2b2c1f24
dataset4/val/nonulcer/images - 2019-12-16T115325.338.jpg,val,nonulcer,images - 2019-12-16T115325.338.jpg,.jpg,4933,0b6987086e133653e353707bca851c0853bf1a27d4d1939b40bccb78d174f282
dataset4/val/nonulcer/images - 2019-12-16T115356.056.jpg,val,nonulcer,images - 2019-12-16T115356.056.jpg,.jpg,6380,0e57371fbc98e003f16141842202bb89521fe3ccbc30396d54519b18ca105754
dataset4/val/nonulcer/images - 2019-12-16T115432.587.jpg,val,nonulcer,images - 2019-12-16T115432.587.jpg,.jpg,4302,fe3d2e7500d6b8824fb306a796d11c398ed773ef778912ba3d1b94598283f931
dataset4/val/nonulcer/images - 2019-12-16T115453.099.jpg,val,nonulcer,images - 2019-12-16T115453.099.jpg,.jpg,5462,736ad9aeb7e03595373ae178e7f74864e3536a9ca8fcb887bba1f1c1fc596c12
dataset4/val/nonulcer/images - 2019-12-16T115540.088.jpg,val,nonulcer,images - 2019-12-16T115540.088.jpg,.jpg,3135,ba12f7a4b85cc9a24fe126f24ac67da81c148a1b2b35b4fa5ee2d265cf6182d5
dataset4/val/nonulcer/images - 2019-12-16T115857.474.jpg,val,nonulcer,images - 2019-12-16T115857.474.jpg,.jpg,4933,0b6987086e133653e353707bca851c0853bf1a27d4d1939b40bccb78d174f282
dataset4/val/nonulcer/images - 2019-12-16T115924.622.jpg,val,nonulcer,images - 2019-12-16T115924.622.jpg,.jpg,5826,d459cd4bc151bc0c854ab30eefcef6d7b4e1405d23702e82d330494e16bcccbd
dataset4/val/nonulcer/images - 2019-12-16T115933.746.jpg,val,nonulcer,images - 2019-12-16T115933.746.jpg,.jpg,6083,307661219c8b821eb7b0ba73093ded9fd2707bad844da8664a1f3c4ecd92e3c3
dataset4/val/nonulcer/images - 2019-12-16T115937.436.jpg,val,nonulcer,images - 2019-12-16T115937.436.jpg,.jpg,4593,82b47de58c0fa57258b1ec3c7ba48cb8daec1859c95a80597012dde81652717d
dataset4/val/nonulcer/images - 2019-12-16T115950.820.jpg,val,nonulcer,images - 2019-12-16T115950.820.jpg,.jpg,6244,523b6dcccdd145e2c5e921ffda8cfa5c6b19efc1634861373c35bc3614a20ad2
dataset4/val/nonulcer/images - 2019-12-16T120001.329.jpg,val,nonulcer,images - 2019-12-16T120001.329.jpg,.jpg,5157,8f5430b58e0b838f5976a57a2855502c8421e3907014385b48ee490740fdfff1
dataset4/val/nonulcer/images - 2019-12-16T120005.799.jpg,val,nonulcer,images - 2019-12-16T120005.799.jpg,.jpg,5028,dbce156f7ce752f9331e9b42fd28486f4477b68dece0be7b841582e5272b8cc4
dataset4/val/nonulcer/images - 2019-12-16T120013.522.jpg,val,nonulcer,images - 2019-12-16T120013.522.jpg,.jpg,4685,7dd2f51dbe9e3c0ad619c40192c88ba2a66a6209c8b25706b252dd6c18d2c2b4
dataset4/val/nonulcer/images - 2019-12-16T120017.499.jpg,val,nonulcer,images - 2019-12-16T120017.499.jpg,.jpg,5744,6519fbcc661431462a84e79d4657c2a7dd252b5fef5ea7cb695ef29cf18c6aeb
dataset4/val/nonulcer/images - 2019-12-16T120121.779.jpg,val,nonulcer,images - 2019-12-16T120121.779.jpg,.jpg,4706,333d4b8a6f110efaff939bfd49b1f8a1443ed3f2349dd236a2031c1a778177f1
dataset4/val/nonulcer/images - 2019-12-16T120240.785.jpg,val,nonulcer,images - 2019-12-16T120240.785.jpg,.jpg,4127,7d80c0a811fff0f83ae5cdb4e73231d6af64b0d30c6a6b6bd719194173d354ee
dataset4/val/nonulcer/images - 2019-12-16T120352.674.jpg,val,nonulcer,images - 2019-12-16T120352.674.jpg,.jpg,4112,bd5aea5eba48902ec2da42fd4d5fe96bd326845e5e2db4443aa701e767732a22
dataset4/val/nonulcer/images - 2019-12-16T120437.961.jpg,val,nonulcer,images - 2019-12-16T120437.961.jpg,.jpg,4830,3f47a10cd7bad01585395cae63083c6e41637324592f7d8d43729b8e6de31a63
dataset4/val/nonulcer/images - 2019-12-16T120441.892.jpg,val,nonulcer,images - 2019-12-16T120441.892.jpg,.jpg,5919,1aeb7504b905ce38558b3867e6311a29091c14091d290568d2cd2f989560a81d
dataset4/val/nonulcer/images - 2019-12-16T120448.233.jpg,val,nonulcer,images - 2019-12-16T120448.233.jpg,.jpg,5744,6519fbcc661431462a84e79d4657c2a7dd252b5fef5ea7cb695ef29cf18c6aeb
dataset4/val/nonulcer/images - 2019-12-16T120514.586.jpg,val,nonulcer,images - 2019-12-16T120514.586.jpg,.jpg,3555,3d7a5e84a2a419cf7c738a3cb32287492bf9dbff2a0b7577312d037865cb66b4
dataset4/val/ulcer/281.jpg,val,ulcer,281.jpg,.jpg,23673,fd1473568a5b4582d801ae5aec87c10ee982f3613af2831dfb0c090701a96223
dataset4/val/ulcer/282.jpg,val,ulcer,282.jpg,.jpg,20680,09d82cd8dc59af341284964113f20be59a09d905ff3ed64862893786038ff510
dataset4/val/ulcer/283.jpg,val,ulcer,283.jpg,.jpg,15922,0dd92aaaf4ea3b5ab0812d812e114de9e2a3fe0bdd0c7d82aa7bfb6fdbee2bc2
dataset4/val/ulcer/284.jpg,val,ulcer,284.jpg,.jpg,19707,cb26d3704b9e4ecfb83dbcac21a345a5b1232df95c96af9b9fb40848d4a3bccf
dataset4/val/ulcer/285.jpg,val,ulcer,285.jpg,.jpg,22188,271c211eea5f25cbd9fb19c291c7157e3fd21e1335aa231d30759c1a4ac820ae
dataset4/val/ulcer/286.jpg,val,ulcer,286.jpg,.jpg,12947,05aa274c1c80d0e1933797622f728bd08674529ae9e458bc79774ffa4be16472
dataset4/val/ulcer/287.jpg,val,ulcer,287.jpg,.jpg,24525,7c3c8495049a4b9ea8e3656d13458a7a7ab36e9974846142329a0bfaaaeca69e
dataset4/val/ulcer/288.jpg,val,ulcer,288.jpg,.jpg,15512,ce12dbb52fc0e7e899fd3f5ec2026e8f5e49bd1380ec5d4475715885e06e61b3
dataset4/val/ulcer/289.jpg,val,ulcer,289.jpg,.jpg,29485,a56e9bde6edfdce589e148cbdd860599bc0f7bb9e7418775ff96619a33febcd8
dataset4/val/ulcer/290.jpg,val,ulcer,290.jpg,.jpg,38416,88ab8d13f46efb98a2551d6b7dcc3f6cc6d0bb32597a9ed6933318ee3a095707
dataset4/val/ulcer/291.jpg,val,ulcer,291.jpg,.jpg,30242,68a28686a45981a27bff15b09cc8963a88fe6fe1c211f443f6d5f1ccde34dd14
dataset4/val/ulcer/292.jpg,val,ulcer,292.jpg,.jpg,40659,d1954e2697f895853e10558bc6d4827a08d6e44d37348ffa534b3aeac8540af6
dataset4/val/ulcer/293.jpg,val,ulcer,293.jpg,.jpg,35566,08e2ca674ce1e169fa793f192974c6fcf1de73419189eddced2c7f56e4be924a
dataset4/val/ulcer/294.jpg,val,ulcer,294.jpg,.jpg,29401,2ad88aae38bbcda92db66475ba5b3f1641a13909985d20a79548726515379062
dataset4/val/ulcer/295.jpg,val,ulcer,295.jpg,.jpg,17509,1976d4585d970cca7904a8de9450b23d58e706ba65f9f724275f5fe4ce39b5fa
dataset4/val/ulcer/296.jpg,val,ulcer,296.jpg,.jpg,45312,dc2958c1fe86279feca738d2cee80fcdc471c144e362835c7c4d98f485531392
dataset4/val/ulcer/297.jpg,val,ulcer,297.jpg,.jpg,21094,5a34f9999ad00ce542f7575a41ef1543f11c894404f6e42db414a351e08dd18b
dataset4/val/ulcer/298.jpg,val,ulcer,298.jpg,.jpg,20716,f3b3f540c47654187dc950293fd99e9c0f044d7960a404692a039b01de0c4734
dataset4/val/ulcer/299.jpg,val,ulcer,299.jpg,.jpg,21923,c775ccb92d5807a3702fb91a8a3ecd40a6ca474dfc0e24438089dbd60dbb60ce
dataset4/val/ulcer/300.jpg,val,ulcer,300.jpg,.jpg,24300,084dd87bd191d3ea044eb62ceda27926c1b717220fb22591059c856580fb3d05
dataset4/val/ulcer/301.jpg,val,ulcer,301.jpg,.jpg,23342,2e3fe2ff108715138af3fa3e17465c38f65bbc5e6f5abb9984582364cf8a3a45
dataset4/val/ulcer/302.jpg,val,ulcer,302.jpg,.jpg,16805,e2b30e3befa8029a0348e5240060ea537d5f5a56f6af9c235d1e247c502ad11a
dataset4/val/ulcer/303.jpg,val,ulcer,303.jpg,.jpg,18957,bc5bccf6849123f3e944ec42206494a2ef7b1d6aace2046a67088f6b879faf26
dataset4/val/ulcer/304.jpg,val,ulcer,304.jpg,.jpg,28152,ee2164204f04b852135c849f61435b99898fbcae86b5f8b2004c161cb4fa8488
dataset4/val/ulcer/305.jpg,val,ulcer,305.jpg,.jpg,15525,8ed96897b9a7979f095693366e229be491214a5f355567b4aa75df38eeef47b8
dataset4/val/ulcer/306.jpg,val,ulcer,306.jpg,.jpg,23747,b8a97fe4314abe391d110e6cfae81336a50b89eb4e0af0b872b164736e57a96d
dataset4/val/ulcer/307.jpg,val,ulcer,307.jpg,.jpg,24735,7c8dd44b8643bedc6d8294cead696dc82080e2042d2f9021b50b7ebde51690ad
dataset4/val/ulcer/308.jpg,val,ulcer,308.jpg,.jpg,24981,350aff0c7f0199afdb0647f60ff129bcb8da1fb1fe5588e539f6758ef6714395
dataset4/val/ulcer/309.jpg,val,ulcer,309.jpg,.jpg,14625,b83efebbcc8c82cc83a5c923e17354e84c2705427ded0669530eeda7e1476206
dataset4/val/ulcer/310.jpg,val,ulcer,310.jpg,.jpg,16706,3247416db7ea378dc0be0da4476753afbc5299caf6e1e7327ce390fc89a8cc28
dataset4/val/ulcer/311.jpg,val,ulcer,311.jpg,.jpg,21193,651d030bfce28acb1f2e36769670381cec08d31c62746f5de35f2df5c5a7ff31
dataset4/val/ulcer/312.jpg,val,ulcer,312.jpg,.jpg,24860,28b667cb49633edced65d30730bc773c24078830a0c71310d2f30dc097904a99
dataset4/val/ulcer/313.jpg,val,ulcer,313.jpg,.jpg,18330,1091e203a2bc0ee9b9e71c500ca9149528cb80536c3cd966631e3eab0ea4d4bd
dataset4/val/ulcer/314.jpg,val,ulcer,314.jpg,.jpg,25305,5224840be301148752a9a81949b0563c24ad4cedada323ca013c375aca7c58e3
dataset4/val/ulcer/315.jpg,val,ulcer,315.jpg,.jpg,24812,87ba9dbe0e63c0004ef9e09fcead4a5dc02b7d5689b6155d2000fa455cff8131
dataset4/val/ulcer/316.jpg,val,ulcer,316.jpg,.jpg,25408,f5f4e008bf72a9189e06c2b2ef1698cd42909da76e4d63c541807d45098db176
dataset4/val/ulcer/317.jpg,val,ulcer,317.jpg,.jpg,26134,ee0457e94ad3944517b5cd5a5636b1bfa3e0613d40960106b653988e31c567d1
dataset4/val/ulcer/318.jpg,val,ulcer,318.jpg,.jpg,19396,59143b9748359a9c177ae314b7b6931b3bdb4392af90a1c94b524299b7ec4695
dataset4/val/ulcer/319.jpg,val,ulcer,319.jpg,.jpg,25785,240b725dd44d4002aca6e1df50456f913e1c2e41b725729ca9c4e6feb21f6f57
dataset4/val/ulcer/320.jpg,val,ulcer,320.jpg,.jpg,20212,ff669ed8ed4a8c7878bc33b4c69f5ded135610f1777444324e9f344cda1ec677
dataset4/val/ulcer/321.jpg,val,ulcer,321.jpg,.jpg,22200,0f78d045036dfac0329e79ab4daa21bc7db073163047f02823c7f02f185083c8
dataset4/val/ulcer/322.jpg,val,ulcer,322.jpg,.jpg,22849,548fdb7194fcffb7d3e6f9fbc9c5e70fcb230654b7052fd7a91d23bf7c9143c4
dataset4/val/ulcer/323.jpg,val,ulcer,323.jpg,.jpg,24321,ba9fe1119be1f2fba51f7b843b78885f7567b7c8f1e675a8a433bd68e2531f9a
dataset4/val/ulcer/324.jpg,val,ulcer,324.jpg,.jpg,12667,e415be65334d4b7fd131e334d0fc19d3937dcea8da51935b14ba79e3bea8001e
dataset4/val/ulcer/325.jpg,val,ulcer,325.jpg,.jpg,14340,931ea9195648770ff5387e7f30635090774a0c50401f92f8876e6f648ba816d3
dataset4/val/ulcer/326.jpg,val,ulcer,326.jpg,.jpg,20884,fa9a440c0937dd8630e48046b7c62b171967726e425cf31109474eeb0269ed7a
dataset4/val/ulcer/327.jpg,val,ulcer,327.jpg,.jpg,22822,1b6056f1764396d7217d3af689c287c163fc60f4a07a8db50eaca22e85e04e9b
dataset4/val/ulcer/328.jpg,val,ulcer,328.jpg,.jpg,23237,2e923dc59cb137c7230971e982fa6d70894ac4cededce840293dabeafb2902f7
dataset4/val/ulcer/329.jpg,val,ulcer,329.jpg,.jpg,21507,cf95cc59ad3af4012a730d639c9e2961f4564c15680b61d8b5d83479b3cbebd0
dataset4/val/ulcer/330.jpg,val,ulcer,330.jpg,.jpg,29616,c8d9b4cf8fea2c5c990bd91ce74a418e62c595e84ac753ec3329433ea2b27034
dataset4/val/ulcer/331.jpg,val,ulcer,331.jpg,.jpg,22822,61a203bd097ced3a4a98e95c6e533a0c709278b6a6a224e3ca443c2f33e6af64
dataset4/val/ulcer/332.jpg,val,ulcer,332.jpg,.jpg,21300,b85234f0af66cc30812281251a1ee5f341a9afb3c58efff2b4989aea889ba4a9
dataset4/val/ulcer/333.jpg,val,ulcer,333.jpg,.jpg,18446,d6cbe694a8eac293190c8737fcd254210342123e06a3abcf1c655e543ffd1630
dataset4/val/ulcer/334.jpg,val,ulcer,334.jpg,.jpg,19140,cfca6d533eca6ba36ebda6acdda0614ff06fe4c2fd23128048c84e2822d40ccc
dataset4/val/ulcer/335.jpg,val,ulcer,335.jpg,.jpg,21827,eb43be25c96402742b6d9cbd9752bf6df404f3aa04d0e2a0e21dae06ef9776c2
dataset4/val/ulcer/336.jpg,val,ulcer,336.jpg,.jpg,22396,44f60cc21de3addec509fcca89d06930a94fd8f18d424acf87a2225021160f4c
dataset4/val/ulcer/337.jpg,val,ulcer,337.jpg,.jpg,19924,888d4a14ea09ff921912c31e25c835ce29a4084fb0dbd10a981760eebe474d0d
dataset4/val/ulcer/338.jpg,val,ulcer,338.jpg,.jpg,17179,a9a507014efcf203f38e91eafcf402ec2eca8909ad10dbf7f26f5b0a86e6dfe6
dataset4/val/ulcer/339.jpg,val,ulcer,339.jpg,.jpg,20911,287b72037a268102409d85b83c138ac8d7d5195e5dd752f05388add565ef8009
dataset4/val/ulcer/340.jpg,val,ulcer,340.jpg,.jpg,17069,8a53dc1266ff5eaf3a6a472050af8c23d7d7e07f85ac76e9a665f28f46962f51
dataset4/val/ulcer/58.jpg,val,ulcer,58.jpg,.jpg,38416,88ab8d13f46efb98a2551d6b7dcc3f6cc6d0bb32597a9ed6933318ee3a095707
dataset4/val/ulcer/59.jpg,val,ulcer,59.jpg,.jpg,33977,b770a4d92fcd8b135d33dc98a6122983134ac4dc15d3e9df0d57ba55f2983d12
dataset4/val/ulcer/60.jpg,val,ulcer,60.jpg,.jpg,32272,58a8fe39bcf26e203c275ac927d7fa43318a46eab5b036dde44bb7b20af226a3
dataset4/val/ulcer/61.jpg,val,ulcer,61.jpg,.jpg,29586,9c767fa2c19692d4370444a962d6c1a89f46ff09cfbfef9343069d5db78f3426
dataset4/val/ulcer/62.jpg,val,ulcer,62.jpg,.jpg,31594,9bbd735d1239be4d5c48f944839892458939160a97fa7f60c28ecec9b0d81bf7
dataset4/val/ulcer/63.jpg,val,ulcer,63.jpg,.jpg,29400,c15cfb44c554b69f9cfc23060ebe87cd6ff7c52f143aeac52efce7ed7db58adc
dataset4/val/ulcer/64.jpg,val,ulcer,64.jpg,.jpg,30215,2dcd34618e6900d5ceb31407367a6634c0b3cb15b39518170a63977dffe81859
dataset4/val/ulcer/65.jpg,val,ulcer,65.jpg,.jpg,27647,b8b87f99a6d950b61fad95e5528683a8e3ea453068c3db02edfdc8bb6b81f3d4
dataset4/val/ulcer/66.jpg,val,ulcer,66.jpg,.jpg,33802,a23048af7660b718bbe00d71398db66a2fe572e27532b1dae5c6ecfc8c7f6f35
dataset4/val/ulcer/67.jpg,val,ulcer,67.jpg,.jpg,31600,9dd946488fa602d2752a1fb243104b89887ee3c5fe34d52073d13b3c7a0bc20b
dataset4/val/ulcer/68.jpg,val,ulcer,68.jpg,.jpg,31552,df31a4b446a10ed668eab4ce6daf4fd7e1dca59f7a2154e817ad57cb13c860f3
dataset4/val/ulcer/69.jpg,val,ulcer,69.jpg,.jpg,31633,8b9ec51ad16b2fbc51ea108d911c1e46af6e800826c43ca1cda4c82534e98237
dataset4/val/ulcer/70.jpg,val,ulcer,70.jpg,.jpg,30611,9795465b4e31518991a56fafedc29f6632bc84a54ba174680be8bfef5cba78a3
dataset4/val/ulcer/71.jpg,val,ulcer,71.jpg,.jpg,37644,290c4f28d5a159eb62ca663bf077017fa26af2f29e4800fed9801de90f1e48ea
dataset4/val/ulcer/72.jpg,val,ulcer,72.jpg,.jpg,30492,a456f008930c8dd1d03ee8ea772c1a3ba37fb7c34fc102a6227d866b80427071
dataset4/val/ulcer/73.jpg,val,ulcer,73.jpg,.jpg,35406,7f6dfab28e31dda44792aa0bd2b4fbe75292649baffc533891da362e6364d018
dataset4/val/ulcer/74.jpg,val,ulcer,74.jpg,.jpg,37610,ca3ecc0e63b630e0ed8ebb2120905d237d7d4ee66a86b3147bea798c0bfdb000
dataset4/val/ulcer/75.jpg,val,ulcer,75.jpg,.jpg,35566,08e2ca674ce1e169fa793f192974c6fcf1de73419189eddced2c7f56e4be924a
dataset4/val/ulcer/76.jpg,val,ulcer,76.jpg,.jpg,37847,1cf040ff80c77435733ba00dc527962b21552698459091af92412c7e1d31bbac
dataset4/val/ulcer/77.jpg,val,ulcer,77.jpg,.jpg,34615,eef44da101cb382533a0a521da4b10cfb539aa65f9ac62e2e995ab69cdaa7266
dataset4/val/ulcer/78.jpg,val,ulcer,78.jpg,.jpg,27507,2baadc82c22ae0a2296fef0eaf8146cbe590329534598179fb50a8e189c0d3b9
dataset4/val/ulcer/79.jpg,val,ulcer,79.jpg,.jpg,35682,8bd8e0c17b7929e77ae930aa57eb536f0d00cc3d3e01ffe9681f99f92a70684c
dataset4/val/ulcer/80.jpg,val,ulcer,80.jpg,.jpg,39710,498baba02b3ed464a6834d08dac87d2c71bdd0d101ccaff0f47ce5609f090e3c
dataset4/val/ulcer/81.jpg,val,ulcer,81.jpg,.jpg,40903,0c828fa849baba3b751d664eba56acc155c54828a3a5efd8f7f94e98e59212f0
dataset4/val/ulcer/82.jpg,val,ulcer,82.jpg,.jpg,43034,e67e2ec5fff29ea8a529e819fcef6c3500f3fa77950e5c3074fb62e978aeab81
dataset4/val/ulcer/83.jpg,val,ulcer,83.jpg,.jpg,40663,66fffff0f1c1150d1e1e5956ef875b9c7cb943ca588c141d12ec24ebb1a94cb7
dataset4/val/ulcer/84.jpg,val,ulcer,84.jpg,.jpg,40640,6b1b319a1914a17dd1a1b4ad2712999b3de4207ec6234459e5e56bfb5056b3cb
dataset4/val/ulcer/85.jpg,val,ulcer,85.jpg,.jpg,43846,abbea8c00043bd5ad2c3ac7b6dfc26a806dfad8b70cfb28d968a30734933caa2
dataset4/val/ulcer/86.jpg,val,ulcer,86.jpg,.jpg,44750,ea0f45e2c8294d75724e991c23d031a96c0cb216d218e8d4283bd5d133696926
dataset4/val/ulcer/87.jpg,val,ulcer,87.jpg,.jpg,40659,d1954e2697f895853e10558bc6d4827a08d6e44d37348ffa534b3aeac8540af6
